date,adj
2007-12-26,25.15
2007-12-27,25.43
2007-12-28,25.6
2007-12-31,26.04
2008-01-02,25.75
2008-01-03,25.4
2008-01-04,25.45
2008-01-07,25.05
2008-01-08,25.36
2008-01-09,25.56
2008-01-10,25.75
2008-01-11,25.8
2008-01-14,25.9
2008-01-15,26.22
2008-01-16,25.75
2008-01-17,25.04
2008-01-18,25.05
2008-01-21,24.89
2008-01-22,23.5
2008-01-23,23.01
2008-01-24,23.41
2008-01-25,23.8
2008-01-28,22.9
2008-01-29,22.73
2008-01-30,22.74
2008-01-31,22.73
2008-02-01,23.05
2008-02-12,22.92
2008-02-13,22.8
2008-02-14,23.5
2008-02-15,23.5
2008-02-18,23.66
2008-02-19,23.93
2008-02-20,23.67
2008-02-21,23.79
2008-02-22,23.8
2008-02-25,24.25
2008-02-26,24.5
2008-02-27,24.55
2008-02-29,24.75
2008-03-03,24.64
2008-03-04,24.96
2008-03-05,25.0
2008-03-06,25.5
2008-03-07,25.3
2008-03-10,24.97
2008-03-11,24.95
2008-03-12,25.11
2008-03-13,24.88
2008-03-14,24.63
2008-03-17,24.2
2008-03-18,24.25
2008-03-19,24.3
2008-03-20,24.6
2008-03-21,24.99
2008-03-24,25.79
2008-03-25,25.71
2008-03-26,25.7
2008-03-27,25.26
2008-03-28,25.73
2008-03-31,25.5
2008-04-01,25.45
2008-04-02,25.56
2008-04-03,25.5
2008-04-07,25.63
2008-04-08,25.6
2008-04-09,25.55
2008-04-10,25.75
2008-04-11,25.98
2008-04-14,26.16
2008-04-15,26.25
2008-04-16,26.74
2008-04-17,26.82
2008-04-18,26.65
2008-04-21,26.6
2008-04-22,26.7
2008-04-23,26.6
2008-04-24,26.6
2008-04-25,26.65
2008-04-28,26.75
2008-04-29,26.5
2008-04-30,26.3
2008-05-02,26.63
2008-05-05,26.32
2008-05-06,26.25
2008-05-07,26.28
2008-05-08,26.25
2008-05-09,26.15
2008-05-12,26.05
2008-05-13,26.6
2008-05-14,26.65
2008-05-15,26.97
2008-05-16,27.08
2008-05-19,27.5
2008-05-20,27.09
2008-05-21,26.9
2008-05-22,26.87
2008-05-23,26.39
2008-05-26,26.12
2008-05-27,26.14
2008-05-28,26.12
2008-05-29,25.96
2008-05-30,25.73
2008-06-02,25.62
2008-06-03,25.33
2008-06-04,25.41
2008-06-05,25.75
2008-06-06,25.9
2008-06-09,25.7
2008-06-10,25.05
2008-06-11,24.94
2008-06-12,23.91
2008-06-13,23.82
2008-06-16,24.14
2008-06-17,24.19
2008-06-18,24.2
2008-06-19,23.89
2008-06-20,23.47
2008-06-23,23.23
2008-06-24,23.0
2008-06-25,23.25
2008-06-26,23.08
2008-06-27,23.0
2008-06-30,22.9
2008-07-01,22.48
2008-07-02,22.53
2008-07-03,22.6
2008-07-04,22.1
2008-07-07,22.4
2008-07-08,21.41
2008-07-09,21.41
2008-07-10,21.62
2008-07-11,22.05
2008-07-14,21.94
2008-07-15,21.26
2008-07-16,21.0
2008-07-17,21.32
2008-07-18,20.68
2008-07-21,21.38
2008-07-22,21.3
2008-07-23,22.1
2008-07-24,22.19
2008-07-25,21.98
2008-07-29,21.5
2008-07-30,21.7
2008-07-31,21.47
2008-08-01,21.33
2008-08-04,21.19
2008-08-05,20.82
2008-08-06,21.17
2008-08-07,21.1
2008-08-08,21.45
2008-08-11,21.81
2008-08-12,21.81
2008-08-13,21.92
2008-08-14,22.31
2008-08-15,21.95
2008-08-18,21.6
2008-08-19,21.53
2008-08-20,21.6
2008-08-21,21.31
2008-08-22,21.3
2008-08-25,21.5
2008-08-26,21.4
2008-08-27,21.74
2008-08-28,21.8
2008-08-29,21.9
2008-09-01,21.43
2008-09-02,21.35
2008-09-03,20.74
2008-09-04,20.1
2008-09-05,19.6
2008-09-08,20.9
2008-09-09,19.9
2008-09-10,20.03
2008-09-11,19.26
2008-09-12,19.31
2008-09-15,18.4
2008-09-16,17.25
2008-09-17,17.48
2008-09-18,16.8
2008-09-19,17.97
2008-09-22,18.48
2008-09-23,18.54
2008-09-24,18.54
2008-09-25,18.32
2008-09-26,17.81
2008-09-30,17.0
2008-10-01,17.35
2008-10-02,17.26
2008-10-03,17.42
2008-10-06,16.71
2008-10-07,16.93
2008-10-08,16.05
2008-10-09,15.6
2008-10-13,15.2
2008-10-14,16.26
2008-10-15,15.76
2008-10-16,15.21
2008-10-17,14.8
2008-10-20,14.66
2008-10-21,14.74
2008-10-22,14.26
2008-10-23,13.78
2008-10-24,13.3
2008-10-27,12.55
2008-10-28,13.39
2008-10-29,13.39
2008-10-30,14.32
2008-10-31,14.65
2008-11-03,15.06
2008-11-04,15.2
2008-11-05,15.15
2008-11-06,14.1
2008-11-07,14.5
2008-11-10,14.49
2008-11-11,14.4
2008-11-12,14.1
2008-11-13,13.42
2008-11-14,14.04
2008-11-17,13.85
2008-11-18,13.4
2008-11-19,13.41
2008-11-20,12.85
2008-11-21,12.98
2008-11-24,12.65
2008-11-25,12.95
2008-11-26,13.0
2008-11-27,13.52
2008-11-28,13.45
2008-12-01,13.7
2008-12-02,13.14
2008-12-03,13.1
2008-12-04,12.89
2008-12-05,12.8
2008-12-08,13.5
2008-12-09,13.51
2008-12-10,14.05
2008-12-11,14.05
2008-12-12,13.38
2008-12-15,13.9
2008-12-16,13.8
2008-12-17,13.9
2008-12-18,14.0
2008-12-19,14.14
2008-12-22,13.6
2008-12-23,13.15
2008-12-24,13.2
2008-12-25,13.18
2008-12-26,13.28
2008-12-29,13.19
2008-12-30,13.66
2008-12-31,13.49
2009-01-05,13.92
2009-01-06,14.04
2009-01-07,14.28
2009-01-08,13.61
2009-01-09,13.6
2009-01-10,13.7
2009-01-12,13.7
2009-01-13,13.8
2009-01-14,13.7
2009-01-15,13.2
2009-01-16,13.21
2009-01-17,13.45
2009-01-19,13.3
2009-01-20,13.19
2009-01-21,13.13
2009-02-02,13.19
2009-02-03,13.38
2009-02-04,13.5
2009-02-05,13.64
2009-02-06,13.8
2009-02-09,13.94
2009-02-10,14.05
2009-02-11,14.2
2009-02-12,13.8
2009-02-13,14.19
2009-02-16,14.1
2009-02-17,13.92
2009-02-18,13.9
2009-02-19,14.08
2009-02-20,13.8
2009-02-23,13.86
2009-02-24,13.8
2009-02-25,13.9
2009-02-26,13.98
2009-02-27,14.12
2009-03-02,13.82
2009-03-03,14.02
2009-03-04,14.26
2009-03-05,14.65
2009-03-06,14.7
2009-03-09,14.8
2009-03-10,15.02
2009-03-11,15.14
2009-03-12,15.14
2009-03-13,15.55
2009-03-16,15.7
2009-03-17,15.83
2009-03-18,15.79
2009-03-19,15.65
2009-03-20,15.6
2009-03-23,16.1
2009-03-24,16.35
2009-03-25,16.7
2009-03-26,16.7
2009-03-27,16.51
2009-03-30,16.0
2009-03-31,16.01
2009-04-01,16.45
2009-04-02,16.76
2009-04-03,16.95
2009-04-06,17.1
2009-04-07,17.29
2009-04-08,17.01
2009-04-09,17.6
2009-04-10,17.92
2009-04-13,18.1
2009-04-14,18.16
2009-04-15,18.13
2009-04-16,18.46
2009-04-17,17.49
2009-04-20,17.51
2009-04-21,18.0
2009-04-22,18.21
2009-04-23,18.16
2009-04-24,18.12
2009-04-27,17.67
2009-04-28,17.1
2009-04-29,17.13
2009-04-30,18.32
2009-05-04,19.6
2009-05-05,19.1
2009-05-06,19.55
2009-05-07,19.99
2009-05-08,19.95
2009-05-11,20.22
2009-05-12,19.36
2009-05-13,19.6
2009-05-14,19.31
2009-05-15,19.6
2009-05-18,19.82
2009-05-19,19.88
2009-05-20,19.98
2009-05-21,19.99
2009-05-22,19.96
2009-05-25,20.06
2009-05-26,19.87
2009-05-27,20.41
2009-06-01,20.55
2009-06-02,20.65
2009-06-03,20.52
2009-06-04,20.38
2009-06-05,20.39
2009-06-06,20.4
2009-06-08,19.9
2009-06-09,19.15
2009-06-10,19.26
2009-06-11,19.52
2009-06-12,19.45
2009-06-15,18.61
2009-06-16,18.7
2009-06-17,18.67
2009-06-18,18.49
2009-06-19,18.77
2009-06-22,18.96
2009-06-23,18.7
2009-06-24,19.05
2009-06-25,19.33
2009-06-26,19.45
2009-06-29,19.32
2009-06-30,19.26
2009-07-01,19.62
2009-07-02,19.9
2009-07-03,20.1
2009-07-06,20.11
2009-07-07,20.26
2009-07-08,20.25
2009-07-09,20.42
2009-07-10,20.5
2009-07-13,19.86
2009-07-14,20.2
2009-07-15,20.8
2009-07-16,20.9
2009-07-17,21.04
2009-07-20,21.34
2009-07-21,21.49
2009-07-22,21.56
2009-07-23,21.53
2009-07-24,21.6
2009-07-27,21.75
2009-07-28,22.15
2009-07-29,22.05
2009-07-30,22.0
2009-07-31,22.0
2009-08-03,22.14
2009-08-04,21.8
2009-08-05,21.55
2009-08-06,21.5
2009-08-10,21.62
2009-08-11,21.72
2009-08-12,21.67
2009-08-13,22.05
2009-08-14,22.16
2009-08-17,21.85
2009-08-18,21.22
2009-08-19,21.42
2009-08-20,21.04
2009-08-21,20.95
2009-08-24,21.5
2009-08-25,21.22
2009-08-26,21.0
2009-08-27,20.94
2009-08-28,21.2
2009-08-31,21.3
2009-09-01,21.78
2009-09-02,21.84
2009-09-03,22.16
2009-09-04,22.35
2009-09-07,22.45
2009-09-08,22.68
2009-09-09,22.55
2009-09-10,22.58
2009-09-11,22.75
2009-09-14,22.55
2009-09-15,22.6
2009-09-16,22.9
2009-09-17,23.0
2009-09-18,23.09
2009-09-21,23.12
2009-09-22,23.0
2009-09-23,22.7
2009-09-24,22.65
2009-09-25,22.62
2009-09-28,22.45
2009-09-29,22.62
2009-09-30,22.79
2009-10-01,23.1
2009-10-02,22.8
2009-10-05,22.9
2009-10-06,23.13
2009-10-07,23.6
2009-10-08,23.5
2009-10-09,23.5
2009-10-12,23.84
2009-10-13,23.75
2009-10-14,24.05
2009-10-15,24.0
2009-10-16,24.2
2009-10-19,24.16
2009-10-20,24.0
2009-10-21,23.9
2009-10-22,23.63
2009-10-23,23.772
2009-10-26,23.6628
2009-10-27,23.5317
2009-10-28,23.3787
2009-10-29,22.8107
2009-10-30,22.8653
2009-11-02,22.7342
2009-11-03,22.756
2009-11-04,23.1602
2009-11-05,23.051
2009-11-06,23.2039
2009-11-09,23.2149
2009-11-10,23.4006
2009-11-11,23.488
2009-11-12,23.6082
2009-11-13,23.5863
2009-11-16,23.8157
2009-11-17,23.8376
2009-11-18,24.0342
2009-11-19,24.0888
2009-11-20,23.8376
2009-11-23,23.7174
2009-11-24,23.8703
2009-11-25,24.0342
2009-11-26,24.0342
2009-11-27,23.346
2009-11-30,23.6191
2009-12-01,23.6846
2009-12-02,23.8157
2009-12-03,23.7829
2009-12-04,23.7283
2009-12-07,23.925
2009-12-08,23.8485
2009-12-09,24.0014
2009-12-10,23.7283
2009-12-11,24.1435
2009-12-14,24.3838
2009-12-15,24.3401
2009-12-16,24.1435
2009-12-17,24.0888
2009-12-18,24.0342
2009-12-21,24.2855
2009-12-22,24.4056
2009-12-23,24.4166
2009-12-24,24.5914
2009-12-25,24.6351
2009-12-28,24.7989
2009-12-29,24.7552
2009-12-30,25.1267
2009-12-31,25.5637
2010-01-04,25.6729
2010-01-05,25.5637
2010-01-06,25.946
2010-01-07,25.7275
2010-01-08,26.0006
2010-01-11,26.2738
2010-01-12,26.1317
2010-01-13,25.8477
2010-01-14,26.2191
2010-01-15,26.3502
2010-01-18,26.2301
2010-01-19,26.2082
2010-01-20,25.8914
2010-01-21,25.6401
2010-01-22,25.1813
2010-01-25,25.083
2010-01-26,24.6241
2010-01-27,24.1435
2010-01-28,24.5695
2010-01-29,24.4166
2010-02-01,24.1872
2010-02-02,24.0342
2010-02-03,24.3292
2010-02-04,24.2527
2010-02-05,23.1712
2010-02-06,23.3132
2010-02-08,23.3241
2010-02-09,23.7611
2010-02-10,23.9796
2010-02-22,24.1435
2010-02-23,24.3401
2010-02-24,24.1216
2010-02-25,24.0014
2010-02-26,23.925
2010-03-01,24.4166
2010-03-02,24.1981
2010-03-03,24.362
2010-03-04,24.1981
2010-03-05,24.4712
2010-03-08,24.788
2010-03-09,24.6788
2010-03-10,24.788
2010-03-11,24.5586
2010-03-12,24.4821
2010-03-15,24.2855
2010-03-16,24.3292
2010-03-17,24.5804
2010-03-18,24.7443
2010-03-19,24.7771
2010-03-22,24.7989
2010-03-23,24.7443
2010-03-24,24.7443
2010-03-25,24.7989
2010-03-26,24.7989
2010-03-29,24.8099
2010-03-30,24.788
2010-03-31,24.9082
2010-04-01,25.0939
2010-04-02,25.083
2010-04-06,25.2578
2010-04-07,25.4763
2010-04-08,25.3779
2010-04-09,25.4107
2010-04-12,25.3998
2010-04-13,25.1376
2010-04-14,25.3452
2010-04-15,25.4653
2010-04-16,25.5418
2010-04-19,24.8099
2010-04-20,25.1267
2010-04-21,25.1813
2010-04-22,25.1267
2010-04-23,25.1485
2010-04-26,25.509
2010-04-27,25.52
2010-04-28,25.4763
2010-04-29,25.5309
2010-04-30,25.4981
2010-05-03,25.4544
2010-05-04,25.4326
2010-05-05,25.0502
2010-05-06,24.7989
2010-05-07,24.5804
2010-05-10,24.7989
2010-05-11,24.6023
2010-05-12,24.6023
2010-05-13,24.8426
2010-05-14,24.9737
2010-05-17,24.4821
2010-05-18,24.4275
2010-05-19,24.6678
2010-05-20,24.362
2010-05-21,23.8157
2010-05-24,24.0014
2010-05-25,23.3897
2010-05-26,23.4334
2010-05-27,23.5972
2010-05-28,23.772
2010-05-31,23.8922
2010-06-01,23.8157
2010-06-02,23.5208
2010-06-03,23.8157
2010-06-04,23.7502
2010-06-07,23.488
2010-06-08,23.5098
2010-06-09,23.5317
2010-06-10,23.63
2010-06-11,23.9031
2010-06-14,23.9359
2010-06-15,24.1981
2010-06-17,24.3073
2010-06-18,24.3401
2010-06-21,24.646
2010-06-22,24.646
2010-06-23,24.4166
2010-06-24,24.5258
2010-06-25,24.2964
2010-06-28,24.3183
2010-06-29,24.1653
2010-06-30,23.925
2010-07-01,23.8703
2010-07-02,24.0779
2010-07-05,24.2309
2010-07-06,24.6023
2010-07-07,24.7334
2010-07-08,25.083
2010-07-09,25.1267
2010-07-12,25.1594
2010-07-13,25.1267
2010-07-14,25.3233
2010-07-15,25.3452
2010-07-16,25.3342
2010-07-19,25.2905
2010-07-20,25.5964
2010-07-21,25.5527
2010-07-22,25.3779
2010-07-23,25.7822
2010-07-26,25.7822
2010-07-27,25.9788
2010-07-28,26.1754
2010-07-29,26.2191
2010-07-30,26.1099
2010-08-02,26.4376
2010-08-03,26.4813
2010-08-04,26.4376
2010-08-05,26.3939
2010-08-06,26.4376
2010-08-09,26.6124
2010-08-10,26.5906
2010-08-11,26.2847
2010-08-12,26.1099
2010-08-13,26.3502
2010-08-16,26.3284
2010-08-17,26.4267
2010-08-18,26.82
2010-08-19,26.7326
2010-08-20,26.8637
2010-08-23,27.115
2010-08-24,27.0494
2010-08-25,26.3284
2010-08-26,26.383
2010-08-27,26.383
2010-08-30,26.525
2010-08-31,26.1099
2010-09-01,26.2301
2010-09-02,26.3939
2010-09-03,26.5906
2010-09-06,26.6671
2010-09-07,26.6124
2010-09-08,26.4704
2010-09-09,26.7107
2010-09-10,26.8418
2010-09-13,27.3116
2010-09-14,27.5301
2010-09-15,27.5956
2010-09-16,27.6284
2010-09-17,27.6393
2010-09-20,27.6503
2010-09-21,27.6393
2010-09-23,27.6066
2010-09-24,27.4755
2010-09-27,27.5847
2010-09-28,27.5301
2010-09-29,27.694
2010-09-30,27.6393
2010-10-01,27.7377
2010-10-04,27.7486
2010-10-05,27.8469
2010-10-06,28.2293
2010-10-07,28.2074
2010-10-08,28.131
2010-10-11,28.0436
2010-10-12,27.9125
2010-10-13,27.8032
2010-10-14,28.2948
2010-10-15,28.4478
2010-10-18,27.9125
2010-10-19,27.8906
2010-10-20,28.131
2010-10-21,28.1856
2010-10-22,28.2183
2010-10-25,28.6226
2010-10-26,28.8411
2010-10-27,28.7318
2010-10-28,28.7537
2010-10-29,28.7318
2010-11-01,28.9503
2010-11-02,28.9503
2010-11-03,28.7646
2010-11-04,28.9503
2010-11-05,29.3764
2010-11-08,29.6495
2010-11-09,29.6167
2010-11-10,29.3436
2010-11-11,29.4638
2010-11-12,29.1579
2010-11-15,28.7209
2010-11-16,28.9175
2010-11-17,28.7537
2010-11-18,28.8738
2010-11-19,29.0158
2010-11-22,29.1906
2010-11-23,29.1032
2010-11-24,29.0923
2010-11-25,29.2562
2010-11-26,28.8192
2010-11-29,29.1142
2010-11-30,29.2234
2010-12-01,29.7041
2010-12-02,30.0428
2010-12-03,29.9772
2010-12-06,30.0974
2010-12-07,30.1957
2010-12-08,30.152
2010-12-09,30.0428
2010-12-10,29.6495
2010-12-13,29.8133
2010-12-14,29.7696
2010-12-15,29.868
2010-12-16,30.01
2010-12-17,30.0209
2010-12-20,29.7478
2010-12-21,30.01
2010-12-22,30.2066
2010-12-23,30.4798
2010-12-24,30.447
2010-12-27,30.4798
2010-12-28,30.4798
2010-12-29,30.152
2010-12-30,30.2613
2010-12-31,30.3924
2011-01-03,30.6873
2011-01-04,30.9714
2011-01-05,30.6436
2011-01-06,30.8075
2011-01-07,30.589
2011-01-10,30.4361
2011-01-11,30.6764
2011-01-12,30.7529
2011-01-13,30.6436
2011-01-14,30.589
2011-01-17,30.6436
2011-01-18,30.7201
2011-01-19,31.026
2011-01-20,30.9714
2011-01-21,30.8075
2011-01-24,30.5562
2011-01-25,30.8293
2011-01-26,30.7638
2011-01-27,30.8075
2011-01-28,30.731
2011-02-08,30.731
2011-02-09,30.6982
2011-02-10,30.1083
2011-02-11,29.2999
2011-02-14,29.4965
2011-02-15,29.9335
2011-02-16,29.7806
2011-02-17,29.6058
2011-02-18,29.9881
2011-02-21,29.9335
2011-02-22,29.3873
2011-02-23,29.4419
2011-02-24,29.1797
2011-02-25,29.6058
2011-03-01,29.8243
2011-03-02,29.0705
2011-03-03,29.2453
2011-03-04,29.1469
2011-03-07,28.9066
2011-03-08,29.1142
2011-03-09,29.0049
2011-03-10,28.7318
2011-03-11,28.5789
2011-03-14,28.4041
2011-03-15,27.3225
2011-03-16,27.9671
2011-03-17,27.8578
2011-03-18,28.1637
2011-03-21,28.2293
2011-03-22,28.2402
2011-03-23,28.3931
2011-03-24,28.6116
2011-03-25,28.7864
2011-03-28,28.5133
2011-03-29,28.8411
2011-03-30,28.8848
2011-03-31,28.7318
2011-04-01,28.7318
2011-04-06,29.0486
2011-04-07,29.136
2011-04-08,29.2016
2011-04-11,29.2343
2011-04-12,29.0486
2011-04-13,28.9503
2011-04-14,29.1142
2011-04-15,29.0049
2011-04-18,28.9503
2011-04-19,28.7318
2011-04-20,29.1688
2011-04-21,29.5839
2011-04-22,29.5512
2011-04-25,29.4419
2011-04-26,29.4965
2011-04-27,29.715
2011-04-28,29.8243
2011-04-29,29.4965
2011-05-03,29.5621
2011-05-04,29.5402
2011-05-05,29.6167
2011-05-06,29.4965
2011-05-09,29.7696
2011-05-10,29.726
2011-05-11,29.8243
2011-05-12,29.7587
2011-05-13,29.7806
2011-05-16,29.715
2011-05-17,29.6604
2011-05-18,29.8243
2011-05-19,29.5621
2011-05-20,29.3873
2011-05-23,29.2671
2011-05-24,29.3654
2011-05-25,29.3436
2011-05-26,29.4856
2011-05-27,29.6058
2011-05-30,29.7478
2011-05-31,30.2722
2011-06-01,30.4579
2011-06-02,30.3487
2011-06-03,30.589
2011-06-07,30.5453
2011-06-08,30.5562
2011-06-09,30.4251
2011-06-10,30.0974
2011-06-13,29.715
2011-06-14,30.0428
2011-06-15,30.3705
2011-06-16,29.9117
2011-06-17,29.715
2011-06-20,29.5949
2011-06-21,29.7806
2011-06-22,29.7369
2011-06-23,29.6058
2011-06-24,29.5293
2011-06-27,29.4965
2011-06-28,29.6058
2011-06-29,30.0428
2011-06-30,30.3705
2011-07-01,30.4798
2011-07-04,30.4907
2011-07-05,30.5016
2011-07-06,30.589
2011-07-07,30.8403
2011-07-08,30.8949
2011-07-11,30.589
2011-07-12,30.2066
2011-07-13,30.0974
2011-07-14,30.1192
2011-07-15,30.5344
2011-07-18,30.6873
2011-07-19,30.5344
2011-07-20,30.7529
2011-07-21,30.8075
2011-07-22,31.1352
2011-07-25,30.731
2011-07-26,31.0369
2011-07-27,31.0478
2011-07-28,31.0806
2011-07-29,30.8075
2011-08-01,30.873
2011-08-02,30.8075
2011-08-03,30.4798
2011-08-04,30.1848
2011-08-05,28.2183
2011-08-08,27.6393
2011-08-09,27.3116
2011-08-10,27.8578
2011-08-11,27.8578
2011-08-12,27.7486
2011-08-15,28.0217
2011-08-16,28.0763
2011-08-17,28.0982
2011-08-18,27.6393
2011-08-19,26.6671
2011-08-22,26.5797
2011-08-23,27.3116
2011-08-24,27.0931
2011-08-25,26.8746
2011-08-26,26.9948
2011-08-29,27.3881
2011-08-30,27.5847
2011-08-31,27.7814
2011-09-01,28.0326
2011-09-02,27.9125
2011-09-05,27.3116
2011-09-06,26.7654
2011-09-07,27.2024
2011-09-08,27.3662
2011-09-09,27.4427
2011-09-13,26.8528
2011-09-14,26.5469
2011-09-15,27.0931
2011-09-16,27.8578
2011-09-19,27.399
2011-09-20,27.3881
2011-09-21,27.4099
2011-09-22,26.678
2011-09-23,26.3175
2011-09-26,25.3889
2011-09-27,25.9351
2011-09-28,25.6838
2011-09-29,26.0771
2011-09-30,26.2191
2011-10-03,25.7712
2011-10-04,25.9351
2011-10-05,25.7603
2011-10-06,25.9242
2011-10-07,25.9242
2011-10-11,26.7654
2011-10-12,26.8855
2011-10-13,27.2024
2011-10-14,26.9839
2011-10-17,27.4427
2011-10-18,27.0057
2011-10-19,27.3553
2011-10-20,27.2024
2011-10-21,27.1368
2011-10-24,27.4645
2011-10-25,27.541
2011-10-26,27.5291
2011-10-27,27.4692
2011-10-28,27.6727
2011-10-31,27.5051
2011-11-01,27.6966
2011-11-02,27.7445
2011-11-03,27.4333
2011-11-04,28.0557
2011-11-07,28.0796
2011-11-08,28.0318
2011-11-09,27.9599
2011-11-10,27.1939
2011-11-11,27.3735
2011-11-14,27.8163
2011-11-15,27.6966
2011-11-16,27.4453
2011-11-17,27.4453
2011-11-18,27.0024
2011-11-21,26.2124
2011-11-22,26.1047
2011-11-23,25.3148
2011-11-24,25.5063
2011-11-25,25.3746
2011-11-28,25.6379
2011-11-29,25.9252
2011-11-30,25.7456
2011-12-01,27.146
2011-12-02,26.8827
2011-12-05,26.8827
2011-12-06,26.3441
2011-12-07,26.5715
2011-12-08,26.368
2011-12-09,26.2005
2011-12-12,26.2124
2011-12-13,26.0928
2011-12-14,26.1526
2011-12-15,25.6858
2011-12-16,25.6738
2011-12-19,24.9677
2011-12-20,25.0036
2011-12-21,26.1167
2011-12-22,26.0688
2011-12-23,26.6314
2011-12-26,26.6314
2011-12-27,26.5236
2011-12-28,26.4758
2011-12-29,26.5117
2011-12-30,26.4997
2012-01-02,26.1885
2012-01-03,26.4758
2012-01-04,26.5715
2012-01-05,26.7391
2012-01-06,26.8229
2012-01-09,26.7032
2012-01-10,27.2298
2012-01-11,27.2897
2012-01-12,27.4094
2012-01-13,27.2897
2012-01-16,27.1341
2012-01-17,27.4812
2012-01-18,27.553
2012-01-30,28.319
2012-01-31,28.4626
2012-02-01,28.7738
2012-02-02,29.2646
2012-02-03,29.3125
2012-02-04,29.5279
2012-02-06,29.1688
2012-02-07,29.3005
2012-02-08,29.9229
2012-02-09,30.0545
2012-02-10,29.9229
2012-02-13,30.0186
2012-02-14,29.7553
2012-02-15,30.1024
2012-02-16,29.9229
2012-02-17,29.9827
2012-02-20,30.1383
2012-02-21,30.0306
2012-02-22,30.2221
2012-02-23,30.2101
2012-02-24,30.1264
2012-02-29,30.6291
2012-03-01,30.7847
2012-03-02,30.7488
2012-03-03,30.5812
2012-03-05,30.1503
2012-03-06,29.9468
2012-03-07,29.8032
2012-03-08,30.1383
2012-03-09,30.1024
2012-03-12,29.9229
2012-03-13,30.2101
2012-03-14,30.4735
2012-03-15,30.5213
2012-03-16,30.4016
2012-03-19,30.1742
2012-03-20,30.0426
2012-03-21,29.9827
2012-03-22,30.1623
2012-03-23,30.1383
2012-03-26,29.8152
2012-03-27,29.8032
2012-03-28,29.8271
2012-03-29,29.3005
2012-03-30,29.3603
2012-04-02,29.3843
2012-04-03,29.085
2012-04-05,28.5225
2012-04-06,28.726
2012-04-09,28.6063
2012-04-10,28.726
2012-04-11,28.7499
2012-04-12,28.7858
2012-04-13,29.1329
2012-04-16,29.1209
2012-04-17,28.5704
2012-04-18,28.6901
2012-04-19,28.6901
2012-04-20,28.4028
2012-04-23,28.343
2012-04-24,28.3669
2012-04-25,28.5464
2012-04-26,28.5105
2012-04-27,28.343
2012-04-30,28.5345
2012-05-02,29.1449
2012-05-03,29.1688
2012-05-04,29.2646
2012-05-07,28.8457
2012-05-08,28.8816
2012-05-09,28.7379
2012-05-10,28.6063
2012-05-11,28.4387
2012-05-14,28.331
2012-05-15,28.3669
2012-05-16,27.9839
2012-05-17,28.1275
2012-05-18,27.5051
2012-05-21,27.5889
2012-05-22,27.7206
2012-05-23,27.4094
2012-05-24,27.158
2012-05-25,27.0263
2012-05-28,27.2657
2012-05-29,27.8762
2012-05-30,27.7565
2012-05-31,27.7565
2012-06-01,27.3974
2012-06-04,26.7032
2012-06-05,26.9665
2012-06-06,27.1939
2012-06-07,27.1939
2012-06-08,27.0503
2012-06-11,27.3375
2012-06-12,27.4692
2012-06-13,27.2657
2012-06-14,27.2777
2012-06-15,27.5291
2012-06-18,27.924
2012-06-19,27.8283
2012-06-20,28.0078
2012-06-21,27.8881
2012-06-22,27.7684
2012-06-25,27.6248
2012-06-26,27.6248
2012-06-27,27.7086
2012-06-28,27.7206
2012-06-29,28.0078
2012-07-02,28.331
2012-07-03,28.7858
2012-07-04,28.7619
2012-07-05,28.726
2012-07-06,28.6063
2012-07-09,28.6661
2012-07-10,28.4507
2012-07-11,28.4507
2012-07-12,28.1754
2012-07-13,28.0677
2012-07-16,27.936
2012-07-17,28.0916
2012-07-18,27.9121
2012-07-19,28.2233
2012-07-20,28.2233
2012-07-23,27.9839
2012-07-24,27.8043
2012-07-25,27.7804
2012-07-26,27.9121
2012-07-27,28.2352
2012-07-30,28.4746
2012-07-31,28.7858
2012-08-01,28.8935
2012-08-03,28.6422
2012-08-06,29.0132
2012-08-07,29.0252
2012-08-08,29.3244
2012-08-09,29.7673
2012-08-10,29.7194
2012-08-13,29.5877
2012-08-14,29.6476
2012-08-15,29.5638
2012-08-16,29.9229
2012-08-17,30.0665
2012-08-20,29.7553
2012-08-21,29.9947
2012-08-22,29.9109
2012-08-23,29.9588
2012-08-24,29.8152
2012-08-27,29.7074
2012-08-28,29.48
2012-08-29,29.5159
2012-08-30,29.2646
2012-08-31,29.5758
2012-09-03,29.6715
2012-09-04,29.6356
2012-09-05,29.3843
2012-09-06,29.2287
2012-09-07,29.48
2012-09-10,29.6237
2012-09-11,29.5877
2012-09-12,29.8511
2012-09-13,29.875
2012-09-14,30.2101
2012-09-17,30.3777
2012-09-18,30.3777
2012-09-19,30.3418
2012-09-20,30.2341
2012-09-21,30.4016
2012-09-24,30.4256
2012-09-25,30.3059
2012-09-26,29.9229
2012-09-27,29.863
2012-09-28,29.9229
2012-10-01,29.8989
2012-10-02,30.0067
2012-10-03,29.8511
2012-10-04,29.6715
2012-10-05,29.5997
2012-10-08,29.3843
2012-10-09,29.2765
2012-10-11,28.6901
2012-10-12,28.6063
2012-10-15,28.5464
2012-10-16,28.5823
2012-10-17,28.6781
2012-10-18,28.5943
2012-10-19,28.5464
2012-10-22,28.5823
2012-10-23,29.2047
2012-10-24,28.2945
2012-10-25,28.1048
2012-10-26,27.0555
2012-10-29,26.79
2012-10-30,26.8911
2012-10-31,26.79
2012-11-01,26.929
2012-11-02,26.9796
2012-11-05,26.7647
2012-11-06,27.0175
2012-11-07,27.1313
2012-11-08,26.9038
2012-11-09,27.1819
2012-11-12,27.2451
2012-11-13,26.7394
2012-11-14,26.8532
2012-11-15,26.9164
2012-11-16,26.9038
2012-11-19,26.9543
2012-11-20,26.9164
2012-11-21,26.7015
2012-11-22,26.7268
2012-11-23,27.2451
2012-11-26,27.5612
2012-11-27,27.5865
2012-11-28,27.6876
2012-11-29,27.991
2012-11-30,28.3324
2012-12-03,28.3577
2012-12-04,28.383
2012-12-05,28.6737
2012-12-06,28.6358
2012-12-07,28.4967
2012-12-10,28.5347
2012-12-11,28.4967
2012-12-12,28.7117
2012-12-13,28.8887
2012-12-14,28.7622
2012-12-17,28.4715
2012-12-18,28.4462
2012-12-19,28.5094
2012-12-20,28.3324
2012-12-21,28.206
2012-12-22,28.3071
2012-12-24,28.3324
2012-12-25,28.5979
2012-12-26,28.56
2012-12-27,28.5979
2012-12-28,28.8002
2013-01-02,29.0151
2013-01-03,29.1542
2013-01-04,29.0151
2013-01-07,29.0404
2013-01-08,28.8255
2013-01-09,28.9392
2013-01-10,29.1542
2013-01-11,29.1162
2013-01-14,29.2679
2013-01-15,29.1668
2013-01-16,29.1794
2013-01-17,28.8507
2013-01-18,29.1542
2013-01-21,29.2679
2013-01-22,29.3944
2013-01-23,29.2553
2013-01-24,29.1921
2013-01-25,29.2047
2013-01-28,29.3564
2013-01-29,29.6093
2013-01-30,29.8874
2013-01-31,30.0392
2013-02-01,30.1277
2013-02-04,30.2162
2013-02-05,30.115
2013-02-06,29.938
2013-02-18,30.0265
2013-02-19,29.9886
2013-02-20,30.115
2013-02-21,30.0012
2013-02-22,29.9633
2013-02-23,29.9254
2013-02-25,29.8622
2013-02-26,29.7357
2013-02-27,29.8116
2013-03-01,30.0392
2013-03-04,29.8369
2013-03-05,29.9507
2013-03-06,30.0265
2013-03-07,29.9633
2013-03-08,30.0897
2013-03-11,30.0897
2013-03-12,29.9507
2013-03-13,29.7231
2013-03-14,29.7104
2013-03-15,29.4576
2013-03-18,29.2932
2013-03-19,29.1036
2013-03-20,28.876
2013-03-21,29.1542
2013-03-22,29.1289
2013-03-25,29.2553
2013-03-26,29.1794
2013-03-27,29.2932
2013-03-28,29.2047
2013-03-29,29.3312
2013-04-01,29.2679
2013-04-02,29.2932
2013-04-03,29.4955
2013-04-08,29.053
2013-04-09,28.9645
2013-04-10,28.9519
2013-04-11,29.2047
2013-04-12,29.1921
2013-04-15,29.1289
2013-04-16,29.1289
2013-04-17,29.1542
2013-04-18,29.1542
2013-04-19,29.3312
2013-04-22,29.4449
2013-04-23,29.4829
2013-04-24,29.761
2013-04-25,29.761
2013-04-26,29.9001
2013-04-29,30.0012
2013-04-30,30.292
2013-05-02,30.4058
2013-05-03,30.4817
2013-05-06,30.5702
2013-05-07,30.3805
2013-05-08,30.6839
2013-05-09,30.6966
2013-05-10,30.6081
2013-05-13,30.6207
2013-05-14,30.5954
2013-05-15,30.7219
2013-05-16,31.1138
2013-05-17,31.0253
2013-05-20,31.0759
2013-05-21,31.2402
2013-05-22,31.1391
2013-05-23,30.6713
2013-05-24,30.469
2013-05-27,30.5449
2013-05-28,30.6713
2013-05-29,30.7851
2013-05-30,30.5069
2013-05-31,30.5196
2013-06-03,30.469
2013-06-04,30.3173
2013-06-05,30.2414
2013-06-06,29.9127
2013-06-07,29.8369
2013-06-10,30.0644
2013-06-11,29.8495
2013-06-13,29.3944
2013-06-14,29.3564
2013-06-17,29.4955
2013-06-18,29.5714
2013-06-19,29.6472
2013-06-20,29.3944
2013-06-21,29.2553
2013-06-24,29.1289
2013-06-25,28.8255
2013-06-26,29.053
2013-06-27,29.4576
2013-06-28,29.5967
2013-07-01,29.9507
2013-07-02,29.7737
2013-07-03,29.7484
2013-07-04,29.7357
2013-07-05,30.0012
2013-07-08,29.7737
2013-07-09,29.8622
2013-07-10,29.9001
2013-07-11,30.3932
2013-07-12,30.469
2013-07-15,30.6839
2013-07-16,30.7851
2013-07-17,30.7219
2013-07-18,30.6207
2013-07-19,30.3173
2013-07-22,30.5449
2013-07-23,30.9368
2013-07-24,30.8862
2013-07-25,30.7219
2013-07-26,30.646
2013-07-29,30.5702
2013-07-30,30.6586
2013-07-31,30.7219
2013-08-01,30.6966
2013-08-02,30.6839
2013-08-05,30.6966
2013-08-06,30.5322
2013-08-07,30.1277
2013-08-08,30.0897
2013-08-09,29.9886
2013-08-12,30.1277
2013-08-13,30.3299
2013-08-14,30.2414
2013-08-15,30.0897
2013-08-16,30.0897
2013-08-19,29.938
2013-08-20,29.584
2013-08-22,29.3312
2013-08-23,29.5714
2013-08-26,29.8116
2013-08-27,29.584
2013-08-28,29.5461
2013-08-29,29.7104
2013-08-30,29.9001
2013-09-02,30.1403
2013-09-03,30.3805
2013-09-04,30.3805
2013-09-05,30.5702
2013-09-06,30.5954
2013-09-09,30.5828
2013-09-10,30.6586
2013-09-11,30.6586
2013-09-12,30.7219
2013-09-13,30.5828
2013-09-14,30.5702
2013-09-16,30.8356
2013-09-17,30.7724
2013-09-18,30.823
2013-09-23,30.9241
2013-09-24,30.9115
2013-09-25,30.8862
2013-09-26,30.5954
2013-09-27,30.6081
2013-09-30,30.5828
2013-10-01,30.6334
2013-10-02,30.6839
2013-10-03,30.9241
2013-10-04,30.9115
2013-10-07,30.8356
2013-10-08,30.7598
2013-10-09,30.5954
2013-10-11,30.5702
2013-10-14,30.2414
2013-10-15,30.3805
2013-10-16,30.3679
2013-10-17,30.4437
2013-10-18,30.5828
2013-10-21,30.5449
2013-10-22,30.5449
2013-10-23,30.5702
2013-10-24,30.5439
2013-10-25,30.3343
2013-10-28,30.2819
2013-10-29,30.2819
2013-10-30,30.4784
2013-10-31,30.5177
2013-11-01,30.1508
2013-11-04,30.0067
2013-11-05,29.7839
2013-11-06,29.7446
2013-11-07,29.7971
2013-11-08,29.6005
2013-11-11,29.4302
2013-11-12,29.3122
2013-11-13,29.0371
2013-11-14,29.1419
2013-11-15,29.3122
2013-11-18,29.1419
2013-11-19,29.3908
2013-11-20,29.2467
2013-11-21,28.8798
2013-11-22,28.906
2013-11-25,29.155
2013-11-26,29.2598
2013-11-27,29.4564
2013-11-28,29.6398
2013-11-29,29.8757
2013-12-02,29.8364
2013-12-03,29.8364
2013-12-04,29.8102
2013-12-05,29.7315
2013-12-06,29.6791
2013-12-09,29.8495
2013-12-10,29.7839
2013-12-11,29.6922
2013-12-12,29.666
2013-12-13,29.6791
2013-12-16,29.6136
2013-12-17,29.7184
2013-12-18,29.6922
2013-12-19,29.7708
2013-12-20,29.8495
2013-12-23,29.915
2013-12-24,29.9281
2013-12-25,29.9412
2013-12-26,29.9674
2013-12-27,30.046
2013-12-30,30.177
2013-12-31,30.2164
2014-01-02,30.2557
2014-01-03,30.0984
2014-01-06,29.8626
2014-01-07,30.0067
2014-01-08,30.1902
2014-01-09,30.1377
2014-01-10,30.1508
2014-01-13,30.2426
2014-01-14,30.2557
2014-01-15,30.5308
2014-01-16,30.6095
2014-01-17,30.5702
2014-01-20,30.9239
2014-01-21,30.8846
2014-01-22,30.9108
2014-01-23,30.8453
2014-01-24,30.5439
2014-01-27,30.2295
2014-02-05,29.5874
2014-02-06,29.6529
2014-02-07,29.8888
2014-02-10,30.0067
2014-02-11,30.0853
2014-02-12,30.2557
2014-02-13,30.1508
2014-02-14,30.2295
2014-02-17,30.2426
2014-02-18,30.3212
2014-02-19,30.2819
2014-02-20,30.0984
2014-02-21,30.295
2014-02-24,30.2033
2014-02-25,30.2295
2014-02-26,30.295
2014-02-27,30.3474
2014-03-03,30.2033
2014-03-04,30.1508
2014-03-05,30.2819
2014-03-06,30.4129
2014-03-07,30.426
2014-03-10,30.2688
2014-03-11,30.295
2014-03-12,30.2819
2014-03-13,30.4522
2014-03-14,30.3605
2014-03-17,30.3343
2014-03-18,30.5308
2014-03-19,30.4653
2014-03-20,30.2164
2014-03-21,30.2164
2014-03-24,30.3474
2014-03-25,30.5308
2014-03-26,30.6357
2014-03-27,30.806
2014-03-28,30.7929
2014-03-31,30.9895
2014-04-01,31.1598
2014-04-02,31.3432
2014-04-03,31.317
2014-04-07,31.2515
2014-04-08,31.2777
2014-04-09,31.3826
2014-04-10,31.4612
2014-04-11,31.4481
2014-04-14,31.3432
2014-04-15,31.6577
2014-04-16,31.7757
2014-04-17,31.7495
2014-04-18,31.6839
2014-04-21,31.5791
2014-04-22,31.6184
2014-04-23,31.4874
2014-04-24,31.4219
2014-04-25,30.9633
2014-04-28,31.0288
2014-04-29,31.317
2014-04-30,31.1991
2014-05-02,31.5005
2014-05-05,31.5791
2014-05-06,31.7363
2014-05-07,31.6053
2014-05-08,31.697
2014-05-09,31.6053
2014-05-12,31.435
2014-05-13,31.4219
2014-05-14,31.3826
2014-05-15,31.4743
2014-05-16,31.566
2014-05-19,31.6708
2014-05-20,31.7101
2014-05-21,31.566
2014-05-22,31.815
2014-05-23,31.946
2014-05-26,32.0508
2014-05-27,32.0639
2014-05-28,32.3653
2014-05-29,32.6012
2014-05-30,32.6012
2014-06-03,32.5357
2014-06-04,32.6012
2014-06-05,32.7191
2014-06-06,32.7453
2014-06-09,32.8894
2014-06-10,33.0205
2014-06-11,32.9943
2014-06-12,32.8894
2014-06-13,32.9025
2014-06-16,32.955
2014-06-17,33.0467
2014-06-18,33.0598
2014-06-19,33.0205
2014-06-20,33.0074
2014-06-23,32.7584
2014-06-24,32.6798
2014-06-25,32.7322
2014-06-26,32.8632
2014-06-27,32.8501
2014-06-30,32.9812
2014-07-01,33.2694
2014-07-02,33.1777
2014-07-03,33.3219
2014-07-04,33.5315
2014-07-07,33.5708
2014-07-08,33.7936
2014-07-09,33.7019
2014-07-10,33.7412
2014-07-11,33.3219
2014-07-14,33.4398
2014-07-15,33.5446
2014-07-16,33.4922
2014-07-17,33.3743
2014-07-18,33.4529
2014-07-21,33.4791
2014-07-22,33.7543
2014-07-24,33.8067
2014-07-25,33.5446
2014-07-28,33.6494
2014-07-29,33.5708
2014-07-30,33.597
2014-07-31,33.3481
2014-08-01,33.1777
2014-08-04,33.6101
2014-08-05,33.1122
2014-08-06,33.1777
2014-08-07,33.086
2014-08-08,33.0205
2014-08-11,33.3874
2014-08-12,33.3481
2014-08-13,33.5053
2014-08-14,33.4398
2014-08-15,33.4136
2014-08-18,33.4791
2014-08-19,33.6756
2014-08-20,33.7281
2014-08-21,33.846
2014-08-22,34.4881
2014-08-25,34.4225
2014-08-26,34.4487
2014-08-27,34.6584
2014-08-28,34.5929
2014-08-29,34.7501
2014-09-01,34.855
2014-09-02,34.475
2014-09-03,34.5405
2014-09-04,34.4618
2014-09-05,34.2653
2014-09-09,34.3308
2014-09-10,34.0819
2014-09-11,34.1081
2014-09-12,33.7019
2014-09-15,33.6888
2014-09-16,33.4398
2014-09-17,33.5839
2014-09-18,33.6756
2014-09-19,33.597
2014-09-22,33.1515
2014-09-23,32.9157
2014-09-24,33.086
2014-09-25,32.5619
2014-09-26,32.4308
2014-09-29,32.3915
2014-09-30,32.2081
2014-10-01,32.2998
2014-10-02,32.3915
2014-10-03,32.6405
2014-10-06,32.6929
2014-10-07,32.457
2014-10-08,32.3653
2014-10-09,32.1688
2014-10-13,31.2122
2014-10-14,31.2253
2014-10-15,31.0157
2014-10-16,30.937
2014-10-17,30.8322
2014-10-20,31.4088
2014-10-21,31.2908
2014-10-22,31.4481
2014-10-23,31.3957
2014-10-24,31.1085
2014-10-27,31.0128
2014-10-28,31.4504
2014-10-29,31.8606
2014-10-30,31.9153
2014-10-31,32.0383
2014-11-03,32.2435
2014-11-04,32.2571
2014-11-05,32.0794
2014-11-06,31.7785
2014-11-07,31.8606
2014-11-10,32.1477
2014-11-11,32.1888
2014-11-12,31.7512
2014-11-13,31.6555
2014-11-14,31.6691
2014-11-17,31.5324
2014-11-18,31.3683
2014-11-19,31.5598
2014-11-20,31.7922
2014-11-21,31.8332
2014-11-24,31.8743
2014-11-25,31.8606
2014-11-26,31.9426
2014-11-27,32.093
2014-11-28,32.093
2014-12-01,31.9973
2014-12-02,32.011
2014-12-03,32.5033
2014-12-04,32.6537
2014-12-05,32.8178
2014-12-08,32.7631
2014-12-09,32.7084
2014-12-10,32.5443
2014-12-11,32.5033
2014-12-12,32.558
2014-12-15,32.4075
2014-12-16,32.4486
2014-12-17,32.1341
2014-12-18,32.0657
2014-12-19,32.2845
2014-12-22,32.4349
2014-12-23,32.5716
2014-12-24,32.681
2014-12-25,32.6674
2014-12-26,32.7084
2014-12-27,32.7084
2014-12-29,33.0092
2014-12-30,33.0639
2014-12-31,33.0366
2015-01-05,33.0229
2015-01-06,32.6674
2015-01-07,32.6947
2015-01-08,32.9819
2015-01-09,33.0366
2015-01-12,33.0229
2015-01-13,33.228
2015-01-14,33.2553
2015-01-15,33.1733
2015-01-16,32.9408
2015-01-19,33.0229
2015-01-20,33.1323
2015-01-21,33.228
2015-01-22,33.6792
2015-01-23,33.8707
2015-01-26,33.8707
2015-01-27,33.9527
2015-01-28,34.0621
2015-01-29,33.8023
2015-01-30,33.7066
2015-02-02,33.5972
2015-02-03,33.775
2015-02-04,33.9527
2015-02-05,33.9254
2015-02-06,33.8296
2015-02-09,33.8023
2015-02-10,33.6792
2015-02-11,33.775
2015-02-12,33.7066
2015-02-13,33.9117
2015-02-24,34.2672
2015-02-25,34.404
2015-02-26,34.3766
2015-03-02,34.4723
2015-03-03,34.445
2015-03-04,34.445
2015-03-05,34.4313
2015-03-06,34.527
2015-03-09,34.4587
2015-03-10,34.2809
2015-03-11,34.1031
2015-03-12,34.2809
2015-03-13,34.2672
2015-03-16,34.1852
2015-03-17,34.1852
2015-03-18,34.2399
2015-03-19,34.486
2015-03-20,34.4587
2015-03-23,34.3903
2015-03-24,34.3356
2015-03-25,34.1988
2015-03-26,34.0484
2015-03-27,33.9664
2015-03-30,34.0074
2015-03-31,33.9801
2015-04-01,33.8843
2015-04-02,33.9801
2015-04-07,34.0348
2015-04-08,34.0484
2015-04-09,33.9937
2015-04-10,33.9937
2015-04-13,33.9937
2015-04-14,34.0211
2015-04-15,33.9801
2015-04-16,33.9527
2015-04-17,33.7886
2015-04-20,33.4331
2015-04-21,33.3647
2015-04-22,33.6382
2015-04-23,34.2262
2015-04-24,34.3219
2015-04-27,34.5954
2015-04-28,34.4587
2015-04-29,34.2946
2015-04-30,34.2399
2015-05-04,34.2535
2015-05-05,34.1988
2015-05-06,34.2946
2015-05-07,34.0484
2015-05-08,34.0348
2015-05-11,33.7886
2015-05-12,33.7613
2015-05-13,33.9117
2015-05-14,33.6929
2015-05-15,33.5698
2015-05-18,33.6929
2015-05-19,33.9117
2015-05-20,33.9117
2015-05-21,33.5151
2015-05-22,33.5562
2015-05-25,33.5151
2015-05-26,33.6929
2015-05-27,33.7613
2015-05-28,33.8707
2015-05-29,33.8023
2015-06-01,33.7476
2015-06-02,33.7066
2015-06-03,33.5015
2015-06-04,32.8998
2015-06-05,32.8178
2015-06-08,32.9272
2015-06-09,32.1477
2015-06-10,32.2161
2015-06-11,32.0657
2015-06-12,31.929
2015-06-15,32.0657
2015-06-16,31.8469
2015-06-17,31.9426
2015-06-18,32.1477
2015-06-22,32.558
2015-06-23,32.6674
2015-06-24,32.6674
2015-06-25,32.7494
2015-06-26,32.7494
2015-06-29,32.4896
2015-06-30,32.4075
2015-07-01,32.599
2015-07-02,32.6127
2015-07-03,32.5716
2015-07-06,32.3939
2015-07-07,32.4212
2015-07-08,31.7512
2015-07-09,31.2316
2015-07-13,31.4914
2015-07-14,31.6144
2015-07-15,31.4504
2015-07-16,31.5187
2015-07-17,31.5187
2015-07-20,31.3957
2015-07-21,31.2863
2015-07-22,30.8624
2015-07-23,30.7667
2015-07-24,30.4932
2015-07-27,29.8778
2015-07-28,29.7684
2015-07-29,30.0556
2015-07-30,30.0283
2015-07-31,30.0146
2015-08-03,29.7958
2015-08-04,29.577
2015-08-05,29.7001
2015-08-06,29.1805
2015-08-07,29.0574
2015-08-10,29.3719
2015-08-11,29.2215
2015-08-12,29.0574
2015-08-13,29.3035
2015-08-14,29.0574
2015-08-17,28.8796
2015-08-18,28.6198
2015-08-19,27.772
2015-08-20,27.9908
2015-08-21,27.3755
2015-08-24,27.2798
2015-08-25,26.6644
2015-08-26,26.9106
2015-08-27,27.5532
2015-08-28,28.1686
2015-08-31,28.4147
2015-09-01,28.3737
2015-09-02,28.3053
2015-09-03,28.4557
2015-09-04,28.3463
2015-09-07,28.401
2015-09-08,28.5104
2015-09-09,29.1258
2015-09-10,29.3309
2015-09-11,29.6044
2015-09-14,29.6591
2015-09-15,29.6317
2015-09-16,29.6727
2015-09-17,30.083
2015-09-18,30.2607
2015-09-21,29.7274
2015-09-22,29.8368
2015-09-23,29.2762
2015-09-24,28.8796
2015-09-25,28.8796
2015-09-30,28.7702
2015-10-01,29.1668
2015-10-02,29.2078
2015-10-05,29.5086
2015-10-06,29.9189
2015-10-07,29.9325
2015-10-08,29.8368
2015-10-12,30.0419
2015-10-13,30.1513
2015-10-14,30.2881
2015-10-15,30.5342
2015-10-16,30.6299
2015-10-19,30.7667
2015-10-20,30.876
2015-10-21,30.7256
2015-10-22,30.7667
2015-10-23,30.9718
2015-10-26,31.3723
2015-10-27,31.4009
2015-10-28,31.4009
2015-10-29,31.0719
2015-10-30,30.9861
2015-11-02,30.9861
2015-11-03,31.3151
2015-11-04,31.6012
2015-11-05,31.7014
2015-11-06,31.4295
2015-11-09,31.0147
2015-11-10,30.8287
2015-11-11,30.2279
2015-11-12,30.1563
2015-11-13,29.8702
2015-11-16,29.7987
2015-11-17,30.3709
2015-11-18,30.2136
2015-11-19,30.3566
2015-11-20,30.3852
2015-11-23,30.4138
2015-11-24,30.3995
2015-11-25,30.2994
2015-11-26,30.5426
2015-11-27,30.5569
2015-11-30,30.3423
2015-12-01,30.7143
2015-12-02,30.9861
2015-12-03,31.0004
2015-12-04,30.9861
2015-12-07,31.2436
2015-12-08,31.0147
2015-12-09,30.7286
2015-12-10,30.5712
2015-12-11,30.514
2015-12-14,30.2422
2015-12-15,30.4568
2015-12-16,30.7572
2015-12-17,31.172
2015-12-18,31.4009
2015-12-21,31.5154
2015-12-22,31.4009
2015-12-23,31.4868
2015-12-24,31.4439
2015-12-25,31.4725
2015-12-28,31.4868
2015-12-29,31.4009
2015-12-30,31.2436
2015-12-31,31.2579
2016-01-04,30.7286
2016-01-05,30.657
2016-01-06,30.185
2016-01-07,30.4568
2016-01-08,30.0848
2016-01-11,29.4983
2016-01-12,29.6127
2016-01-13,29.6556
2016-01-14,29.4697
2016-01-15,29.4697
2016-01-18,29.7129
2016-01-19,29.67
2016-01-20,29.4554
2016-01-21,29.1979
2016-01-22,29.3266
2016-01-25,29.7129
2016-01-26,29.6986
2016-01-27,29.7701
2016-01-28,30.0562
2016-01-29,30.5283
2016-01-30,30.8287
2016-02-01,30.8716
2016-02-02,31.0719
2016-02-03,30.9288
2016-02-15,30.9002
2016-02-16,31.1291
2016-02-17,31.2436
2016-02-18,31.6298
2016-02-19,31.8158
2016-02-22,31.7157
2016-02-23,31.7872
2016-02-24,31.687
2016-02-25,31.8158
2016-02-26,32.1734
2016-03-01,32.3737
2016-03-02,32.4452
2016-03-03,32.6169
2016-03-04,32.574
2016-03-07,32.5883
2016-03-08,32.3165
2016-03-09,32.3165
2016-03-10,32.5025
2016-03-11,32.5454
2016-03-14,32.6455
2016-03-15,32.1305
2016-03-16,32.2593
2016-03-17,32.3451
2016-03-18,32.4882
2016-03-21,32.6026
2016-03-22,32.4596
2016-03-23,32.2593
2016-03-24,32.0876
2016-03-25,32.0447
2016-03-28,32.059
2016-03-29,31.7443
2016-03-30,32.0447
2016-03-31,32.0876
2016-04-01,31.873
2016-04-06,31.5869
2016-04-07,31.5154
2016-04-08,31.4009
2016-04-11,31.4295
2016-04-12,31.5011
2016-04-13,31.6584
2016-04-14,31.7729
2016-04-15,31.8444
2016-04-18,31.8015
2016-04-19,31.8015
2016-04-20,31.3723
2016-04-21,31.2722
2016-04-22,31.172
2016-04-25,31.358
2016-04-26,31.4725
2016-04-27,31.4152
2016-04-28,31.1864
2016-04-29,30.9002
2016-05-03,30.5426
2016-05-04,30.0419
2016-05-05,29.9418
2016-05-06,29.6843
2016-05-09,29.8273
2016-05-10,29.8988
2016-05-11,29.8988
2016-05-12,29.7558
2016-05-13,29.5984
2016-05-16,29.813
2016-05-17,29.9131
2016-05-18,29.9418
2016-05-19,29.7701
2016-05-20,29.8702
2016-05-23,30.4854
2016-05-24,30.4711
2016-05-25,30.6284
2016-05-26,30.7429
2016-05-27,31.0147
2016-05-30,31.358
2016-05-31,31.4009
2016-06-01,31.544
2016-06-02,31.544
2016-06-03,31.5154
2016-06-04,31.544
2016-06-06,31.4439
2016-06-07,31.8873
2016-06-08,31.9875
2016-06-13,31.5583
2016-06-14,31.873
2016-06-15,31.8587
2016-06-16,31.5869
2016-06-17,31.73
2016-06-20,32.1019
2016-06-21,32.3022
2016-06-22,32.3022
2016-06-23,32.1877
2016-06-24,31.4582
2016-06-27,31.6727
2016-06-28,31.8873
2016-06-29,32.1877
2016-06-30,32.3308
2016-07-01,32.6169
2016-07-04,32.8887
2016-07-05,32.8172
2016-07-06,32.4166
2016-07-07,32.7028
2016-07-11,33.5039
2016-07-12,33.5182
2016-07-13,34.0332
2016-07-14,34.0475
2016-07-15,34.2478
2016-07-18,34.5196
2016-07-19,34.6197
2016-07-20,34.4051
2016-07-21,34.7055
2016-07-22,34.6769
2016-07-25,34.5768
2016-07-26,34.6054
2016-07-27,34.8057
2016-07-28,34.9344
2016-07-29,34.8629
2016-08-01,35.1204
2016-08-02,35.2062
2016-08-03,35.0346
2016-08-04,35.006
2016-08-05,35.1633
2016-08-08,35.2921
2016-08-09,35.3064
2016-08-10,35.2921
2016-08-11,35.0203
2016-08-12,35.1347
2016-08-15,35.1776
2016-08-16,35.2492
2016-08-17,35.1633
2016-08-18,35.3636
2016-08-19,35.2635
2016-08-22,34.7628
2016-08-23,34.9201
2016-08-24,34.9058
2016-08-25,35.2778
2016-08-26,35.335
2016-08-29,35.1919
2016-08-30,35.3922
2016-08-31,35.2635
2016-09-01,34.8915
2016-09-02,34.9058
2016-09-05,35.2635
2016-09-06,35.5639
2016-09-07,35.7642
2016-09-08,35.8786
2016-09-09,35.6926
2016-09-10,35.2349
2016-09-12,35.1204
2016-09-13,34.8629
2016-09-14,34.8343
2016-09-19,35.4351
2016-09-20,35.4781
2016-09-21,35.6926
2016-09-22,35.7785
2016-09-23,35.7928
2016-09-26,35.5496
2016-09-29,35.9072
2016-09-30,35.9072
2016-10-03,35.8357
2016-10-04,35.8643
2016-10-05,35.9072
2016-10-06,35.9072
2016-10-07,35.85
2016-10-11,35.5925
2016-10-12,35.7212
2016-10-13,35.5782
2016-10-14,35.2778
2016-10-17,35.3207
2016-10-18,35.4924
2016-10-19,35.6926
2016-10-20,35.7785
2016-10-21,35.7642
2016-10-24,35.8929
2016-10-25,36.2649
2016-10-26,35.8728
2016-10-27,35.8125
2016-10-28,35.8125
2016-10-31,35.8879
2016-11-01,35.7371
2016-11-02,35.1038
2016-11-03,34.8173
2016-11-04,34.772
2016-11-07,35.0887
2016-11-08,35.2847
2016-11-09,34.2594
2016-11-10,35.0736
2016-11-11,34.2292
2016-11-14,34.5157
2016-11-15,34.2895
2016-11-16,34.3498
2016-11-17,34.1538
2016-11-18,34.4554
2016-11-21,34.5911
2016-11-22,34.9681
2016-11-23,34.9832
2016-11-24,34.9379
2016-11-25,35.0284
2016-11-28,35.1189
2016-11-29,35.0585
2016-11-30,35.0736
2016-12-01,35.1641
2016-12-02,34.8776
2016-12-05,34.6514
2016-12-06,34.8927
2016-12-07,34.9832
2016-12-08,35.1792
2016-12-09,35.33
2016-12-12,35.0887
2016-12-13,35.1038
2016-12-14,35.1339
2016-12-15,35.1339
2016-12-16,35.149
2016-12-19,34.7871
2016-12-20,34.8324
2016-12-21,34.7268
2016-12-22,34.6816
2016-12-23,34.4554
2016-12-26,34.5308
2016-12-27,34.4705
2016-12-28,34.6816
2016-12-29,34.6665
2016-12-30,34.7871
2017-01-03,34.8625
2017-01-04,34.9832
2017-01-05,35.1038
2017-01-06,35.1943
2017-01-09,35.1339
2017-01-10,35.2998
2017-01-11,35.4355
2017-01-12,35.5562
2017-01-13,35.526
2017-01-16,35.345
2017-01-17,35.345
2017-01-18,35.3149
2017-01-19,35.2697
2017-01-20,35.2093
2017-01-23,35.4054
2017-01-24,35.4958
2017-02-02,35.5109
2017-02-03,35.6617
2017-02-06,36.0839
2017-02-07,36.1292
2017-02-08,36.4157
2017-02-09,36.476
2017-02-10,36.6871
2017-02-13,36.6871
2017-02-14,36.7926
2017-02-15,37.0791
2017-02-16,36.9133
2017-02-17,36.868
2017-02-18,36.9434
2017-02-20,36.7474
2017-02-21,36.5514
2017-02-22,36.7625
2017-02-23,36.8529
2017-02-24,36.9133
2017-03-01,36.9434
2017-03-02,36.9434
2017-03-03,36.8982
2017-03-06,36.868
2017-03-07,36.9585
2017-03-08,37.0339
2017-03-09,36.9434
2017-03-10,36.7926
2017-03-13,36.9283
2017-03-14,37.0942
2017-03-15,37.0791
2017-03-16,37.3355
2017-03-17,37.3958
2017-03-20,37.5767
2017-03-21,37.7426
2017-03-22,37.818
2017-03-23,37.6974
2017-03-24,37.6672
2017-03-27,37.4863
2017-03-28,37.3204
2017-03-29,37.3958
2017-03-30,37.3958
2017-03-31,37.2902
2017-04-05,37.5617
2017-04-06,37.4712
2017-04-07,37.3807
2017-04-10,37.4259
2017-04-11,37.0791
2017-04-12,36.9283
2017-04-13,36.9736
2017-04-14,36.5966
2017-04-17,36.4609
2017-04-18,36.5664
2017-04-19,36.4609
2017-04-20,36.2045
2017-04-21,36.3252
2017-04-24,36.3553
2017-04-25,36.5363
2017-04-26,36.868
2017-04-27,36.8529
2017-04-28,36.868
2017-05-02,37.0339
2017-05-03,36.9585
2017-05-04,37.1093
2017-05-05,36.9585
2017-05-08,37.049
2017-05-09,36.9434
2017-05-10,36.8982
2017-05-11,36.9133
2017-05-12,37.0339
2017-05-15,37.245
2017-05-16,37.3204
2017-05-17,37.245
2017-05-18,37.1847
2017-05-19,37.2299
2017-05-22,37.3204
2017-05-23,37.3355
2017-05-24,37.3355
2017-05-25,37.4109
2017-05-26,37.5315
2017-05-31,37.441
2017-06-01,37.4561
2017-06-02,37.4863
2017-06-03,37.5466
2017-06-05,37.6823
2017-06-06,37.6974
2017-06-07,37.5918
2017-06-08,37.6974
2017-06-09,37.6974
2017-06-12,37.8029
2017-06-13,37.9386
2017-06-14,37.637
2017-06-15,37.6672
2017-06-16,37.7728
2017-06-19,38.0291
2017-06-20,38.0894
2017-06-21,38.3307
2017-06-22,38.5418
2017-06-23,38.4212
2017-06-26,38.7529
2017-06-27,38.8434
2017-06-28,38.5569
2017-06-29,38.6021
2017-06-30,38.5719
2017-07-03,38.8283
2017-07-04,38.6775
2017-07-05,38.7227
2017-07-06,38.6624
2017-07-07,38.5418
2017-07-10,38.5719
2017-07-11,38.9037
2017-07-12,39.1148
2017-07-13,39.2053
2017-07-14,39.2656
2017-07-17,39.3711
2017-07-18,39.4013
2017-07-19,39.5822
2017-07-20,39.5822
2017-07-21,39.3711
2017-07-24,39.2505
2017-07-25,39.4465
2017-07-26,39.4314
2017-07-27,39.537
2017-07-28,39.4918
2017-07-31,39.341
2017-08-01,39.5068
2017-08-02,39.6275
2017-08-03,39.5521
2017-08-04,39.6425
2017-08-07,39.7179
2017-08-08,39.7481
2017-08-09,39.5973
2017-08-10,39.0545
2017-08-11,38.9942
2017-08-14,38.3608
2017-08-15,38.7227
2017-08-16,38.6624
2017-08-17,38.9791
2017-08-18,38.8735
2017-08-21,38.7077
2017-08-22,38.8735
2017-08-23,39.0092
2017-08-24,39.0846
2017-08-25,39.1148
2017-08-28,39.1751
2017-08-29,38.9791
2017-08-30,39.1751
2017-08-31,39.341
2017-09-01,39.5822
2017-09-04,39.537
2017-09-05,39.6425
2017-09-06,39.5822
2017-09-07,39.4164
2017-09-08,39.5521
2017-09-11,39.6727
2017-09-12,39.9441
2017-09-13,39.9592
2017-09-14,39.9743
2017-09-15,40.0346
2017-09-18,40.4116
2017-09-19,39.929
2017-09-20,39.7179
2017-09-21,39.8537
2017-09-22,39.5068
2017-09-25,38.9037
2017-09-26,38.6775
2017-09-27,38.8584
2017-09-28,38.9037
2017-09-29,38.9037
2017-09-30,39.1449
2017-10-02,39.4314
2017-10-03,39.5672
2017-10-05,39.6425
2017-10-06,39.8235
2017-10-11,39.8235
2017-10-12,39.7933
2017-10-13,39.6275
2017-10-16,39.7783
2017-10-17,39.6727
2017-10-18,39.7029
2017-10-19,39.733
2017-10-20,39.7029
2017-10-23,39.9592
2017-10-24,40.1703
2017-10-25,40.1703
2017-10-26,40.1402
2017-10-27,39.7933
2017-10-30,39.8872
2017-10-31,40.0123
2017-11-01,40.0436
2017-11-02,40.1531
2017-11-03,40.1844
2017-11-06,40.0436
2017-11-07,40.0436
2017-11-08,40.1218
2017-11-09,39.7464
2017-11-10,39.5587
2017-11-13,39.1051
2017-11-14,39.3241
2017-11-15,39.152
2017-11-16,39.1677
2017-11-17,39.3084
2017-11-20,39.2459
2017-11-21,39.4023
2017-11-22,39.371
2017-11-23,39.4179
2017-11-24,39.5118
2017-11-27,39.4179
2017-11-28,39.2615
2017-11-29,39.3397
2017-11-30,39.0894
2017-12-01,39.0894
2017-12-04,39.0894
2017-12-05,38.8861
2017-12-06,38.495
2017-12-07,38.2917
2017-12-08,38.6671
2017-12-11,38.9487
2017-12-12,38.7922
2017-12-13,38.8392
2017-12-14,38.9799
2017-12-15,38.8861
2017-12-18,39.0269
2017-12-19,38.9174
2017-12-20,38.9487
2017-12-21,38.9487
2017-12-22,38.9487
2017-12-25,39.0112
2017-12-26,38.933
2017-12-27,38.9487
2017-12-28,38.9487
2017-12-29,39.1051
2018-01-02,39.3084
2018-01-03,39.59
2018-01-04,39.7464
2018-01-05,39.7933
2018-01-08,39.9967
2018-01-09,39.8872
2018-01-10,39.6838
2018-01-11,39.7464
2018-01-12,39.9498
2018-01-15,40.1218
2018-01-16,40.3564
2018-01-17,40.5442
2018-01-18,40.7006
2018-01-19,40.6693
2018-01-22,41.0603
2018-01-23,40.9821
2018-01-24,41.1698
2018-01-25,41.3732
2018-01-26,41.514
2018-01-29,41.9207
2018-01-30,41.3106
2018-01-31,41.3732
2018-02-01,41.3263
2018-02-02,41.2011
2018-02-05,40.6693
2018-02-06,39.0894
2018-02-07,39.7777
2018-02-08,39.8872
2018-02-09,39.8872
2018-02-12,39.3397
2018-02-21,40.2313
2018-02-22,40.0749
2018-02-23,40.3564
2018-02-26,40.638
2018-02-27,40.5911
2018-03-01,40.5285
2018-03-02,40.2939
2018-03-05,40.0905
2018-03-06,40.2939
2018-03-07,40.2
2018-03-08,40.6849
2018-03-09,40.5598
2018-03-12,40.8257
2018-03-13,40.9352
2018-03-14,40.7944
2018-03-15,40.8414
2018-03-16,40.9196
2018-03-19,40.9665
2018-03-20,40.8726
2018-03-21,40.9352
2018-03-22,40.8883
2018-03-23,40.3877
2018-03-26,40.6693
2018-03-27,40.7944
2018-03-28,40.5598
2018-03-29,40.5129
2018-03-30,40.6067
2018-03-31,40.5911
2018-04-02,40.7006
2018-04-03,40.5442
2018-04-09,40.5911
2018-04-10,40.5911
2018-04-11,40.8414
2018-04-12,40.6693
2018-04-13,40.6536
2018-04-16,40.638
2018-04-17,40.3095
2018-04-18,40.1687
2018-04-19,40.4503
2018-04-20,40.3877
2018-04-23,40.1844
2018-04-24,39.8872
2018-04-25,39.59
2018-04-26,39.4649
2018-04-27,39.3397
2018-04-30,39.7308
2018-05-02,39.6369
2018-05-03,39.4492
2018-05-04,39.4179
2018-05-07,39.5743
2018-05-08,39.7777
2018-05-09,39.7308
2018-05-10,39.8559
2018-05-11,40.0436
2018-05-14,40.4347
2018-05-15,40.3252
2018-05-16,40.5598
2018-05-17,40.7631
2018-05-18,40.9821
2018-05-21,41.2168
2018-05-22,41.295
2018-05-23,41.295
2018-05-24,41.3106
2018-05-25,41.1855
2018-05-28,41.2793
2018-05-29,41.248
2018-05-30,40.6849
2018-05-31,40.9665
2018-06-01,41.295
2018-06-04,41.6391
2018-06-05,41.6235
2018-06-06,41.905
2018-06-07,41.905
2018-06-08,41.7173
2018-06-11,41.7486
2018-06-12,41.6078
2018-06-13,41.5452
2018-06-14,41.2793
2018-06-15,41.1698
2018-06-19,40.9821
2018-06-20,40.8257
2018-06-21,40.857
2018-06-22,40.6693
2018-06-25,40.3252
2018-06-26,40.1218
2018-06-27,40.1062
2018-06-28,39.7308
2018-06-29,40.1375
2018-07-02,40.0592
2018-07-03,39.8872
2018-07-04,39.9341
2018-07-05,39.59
2018-07-06,39.5743
2018-07-09,40.0436
2018-07-10,40.0905
2018-07-11,39.9028
2018-07-12,40.0592
2018-07-13,40.3408
2018-07-16,40.5598
2018-07-17,40.6224
2018-07-18,40.9978
2018-07-19,40.8726
2018-07-20,40.8883
2018-07-23,41.0291
2018-07-24,41.3263
2018-07-25,41.4045
2018-07-26,41.5922
2018-07-27,42.0614
2018-07-30,42.2961
2018-07-31,42.5307
2018-08-01,42.6715
2018-08-02,42.2335
2018-08-03,42.515
2018-08-06,42.9061
2018-08-07,42.9374
2018-08-08,43.172
2018-08-09,43.0156
2018-08-10,43.0625
2018-08-13,42.515
2018-08-14,42.8279
2018-08-15,42.3899
2018-08-16,42.3743
2018-08-17,42.4212
2018-08-20,42.5307
2018-08-21,42.5933
2018-08-22,42.6871
2018-08-23,42.7028
2018-08-24,42.5463
2018-08-27,42.781
2018-08-28,43.1094
2018-08-29,43.1877
2018-08-30,43.3284
2018-08-31,43.4536
2018-09-03,43.2189
2018-09-04,43.2189
2018-09-05,43.0625
2018-09-06,42.9374
2018-09-07,42.5307
2018-09-10,41.7173
2018-09-11,41.8894
2018-09-12,41.8268
2018-09-13,42.1084
2018-09-14,42.8592
2018-09-17,42.953
2018-09-18,42.8592
2018-09-19,42.8748
2018-09-20,42.8592
2018-09-21,42.8748
2018-09-25,43.0
2018-09-26,42.8592
2018-09-27,42.7497
2018-09-28,42.6715
2018-10-01,42.734
2018-10-02,42.5463
2018-10-03,42.1866
2018-10-04,41.8894
2018-10-05,41.3419
2018-10-08,41.7642
2018-10-09,41.2011
2018-10-11,38.9643
2018-10-12,39.5118
2018-10-15,39.3866
2018-10-16,39.7151
2018-10-17,39.9028
2018-10-18,39.9498
2018-10-19,39.9654
2018-10-22,40.3721
2018-10-23,39.9909
2018-10-24,39.9743
2018-10-25,39.096
2018-10-26,38.8308
2018-10-29,38.6816
2018-10-30,38.8142
2018-10-31,39.4109
2018-11-01,39.908
2018-11-02,40.0738
2018-11-05,40.0738
2018-11-06,39.908
2018-11-07,40.1235
2018-11-08,40.3887
2018-11-09,40.1235
2018-11-12,40.0738
2018-11-13,39.9743
2018-11-14,40.0241
2018-11-15,40.1401
2018-11-16,40.2561
2018-11-19,40.4384
2018-11-20,40.0572
2018-11-21,40.0075
2018-11-22,39.7423
2018-11-23,39.676
2018-11-26,39.9578
2018-11-27,39.9412
2018-11-28,40.2229
2018-11-29,40.4052
2018-11-30,40.5378
2018-12-03,41.2505
2018-12-04,41.1345
2018-12-05,40.7698
2018-12-06,40.0903
2018-12-07,40.2395
2018-12-10,39.8915
2018-12-11,40.0738
2018-12-12,40.3058
2018-12-13,40.4218
2018-12-14,40.2892
2018-12-17,40.2892
2018-12-18,39.8252
2018-12-19,40.0075
2018-12-20,39.9909
2018-12-21,40.0075
2018-12-22,40.0572
2018-12-24,40.0738
2018-12-25,39.7257
2018-12-26,39.3114
2018-12-27,39.6263
2018-12-28,39.676
2019-01-02,39.4937
2019-01-03,39.096
2019-01-04,38.7811
2019-01-07,39.328
2019-01-08,39.4274
2019-01-09,39.8583
2019-01-10,39.792
2019-01-11,39.8418
2019-01-14,39.7589
2019-01-15,39.9909
2019-01-16,40.1898
2019-01-17,40.2064
2019-01-18,40.4218
2019-01-21,40.6207
2019-01-22,40.6041
2019-01-23,40.5047
2019-01-24,40.687
2019-01-25,41.267
2019-01-28,41.4493
2019-01-29,41.2505
2019-01-30,41.3002
2019-02-11,41.4162
2019-02-12,41.8637
2019-02-13,42.1288
2019-02-14,42.1454
2019-02-15,42.0791
2019-02-18,42.2946
2019-02-19,42.2946
2019-02-20,42.6592
2019-02-21,42.8249
2019-02-22,42.9243
2019-02-25,43.3055
2019-02-26,43.3884
2019-02-27,43.0238
2019-03-04,43.289
2019-03-05,43.0901
2019-03-06,43.2227
2019-03-07,43.0569
2019-03-08,42.8249
2019-03-11,42.9078
2019-03-12,43.1067
2019-03-13,43.0569
2019-03-14,42.9409
2019-03-15,42.9409
2019-03-18,43.3055
2019-03-19,43.4547
2019-03-20,43.4215
2019-03-21,43.7033
2019-03-22,43.7033
2019-03-25,43.2558
2019-03-26,43.5044
2019-03-27,43.5541
2019-03-28,43.4878
2019-03-29,43.753
2019-04-01,43.9353
2019-04-02,44.0513
2019-04-03,44.2999
2019-04-08,44.6314
2019-04-09,44.7805
2019-04-10,44.6977
2019-04-11,44.5651
2019-04-12,44.3496
2019-04-15,44.7308
2019-04-16,45.1617
2019-04-17,45.4766
2019-04-18,44.9794
2019-04-19,45.3274
2019-04-22,45.4269
2019-04-23,45.344
2019-04-24,45.6921
2019-04-25,45.8246
2019-04-26,45.6092
2019-04-29,45.3274
2019-04-30,45.3274
2019-05-02,45.4103
2019-05-03,45.6755
2019-05-06,44.88
2019-05-07,45.1783
2019-05-08,45.0789
2019-05-09,44.3165
2019-05-10,44.0016
2019-05-13,43.2392
2019-05-14,43.2061
2019-05-15,43.3884
2019-05-16,42.9575
2019-05-17,42.5929
2019-05-20,42.5929
2019-05-21,42.6923
2019-05-22,42.742
2019-05-23,42.162
2019-05-24,42.162
2019-05-27,42.1786
2019-05-28,42.2614
2019-05-29,42.0791
2019-05-30,42.394
2019-05-31,42.9906
2019-06-03,42.8249
2019-06-04,42.6923
2019-06-05,42.7752
2019-06-06,42.5763
2019-06-10,43.0735
2019-06-11,43.1564
2019-06-12,43.2558
2019-06-13,43.1067
2019-06-14,43.0735
2019-06-17,43.1729
2019-06-18,43.1895
2019-06-19,43.869
2019-06-20,44.101
2019-06-21,43.9519
2019-06-24,44.0845
2019-06-25,43.869
2019-06-26,43.8027
2019-06-27,44.101
2019-06-28,44.0679
2019-07-01,44.6645
2019-07-02,44.6811
2019-07-03,44.3828
2019-07-04,44.6314
2019-07-05,44.7308
2019-07-08,44.6811
2019-07-09,44.5319
2019-07-10,44.6645
2019-07-11,44.9297
2019-07-12,45.0126
2019-07-15,45.0954
2019-07-16,45.1783
2019-07-17,44.9794
2019-07-18,44.8468
2019-07-19,44.8468
2019-07-22,44.9297
2019-07-23,45.1451
2019-07-24,45.2114
2019-07-25,45.5263
2019-07-26,45.4103
2019-07-29,45.3606
2019-07-30,45.228
2019-07-31,45.0789
2019-08-01,44.9131
2019-08-02,44.4988
2019-08-05,44.0845
2019-08-06,43.9519
2019-08-07,43.8027
2019-08-08,44.0182
2019-08-12,44.5817
2019-08-13,44.3496
2019-08-14,44.6314
2019-08-15,44.4491
2019-08-16,44.6645
2019-08-19,44.7971
2019-08-20,44.8634
2019-08-21,44.8303
2019-08-22,44.7805
2019-08-23,44.7805
2019-08-26,44.5485
2019-08-27,44.6811
2019-08-28,44.6977
2019-08-29,44.7474
2019-08-30,45.1617
2019-09-02,45.4766
2019-09-03,45.4103
2019-09-04,45.6423
2019-09-05,45.9241
2019-09-06,46.123
2019-09-09,46.0235
2019-09-10,45.9738
2019-09-11,46.0898
2019-09-12,46.2721
2019-09-16,46.3053
2019-09-17,46.4047
2019-09-18,46.4876
2019-09-19,46.355
2019-09-20,46.3716
2019-09-23,46.6036
2019-09-24,46.9516
2019-09-25,46.7362
2019-09-26,46.6533
2019-09-27,46.2058
2019-10-01,46.703
2019-10-02,46.6864
2019-10-03,46.6036
2019-10-04,46.6367
2019-10-07,47.1008
2019-10-08,47.1339
2019-10-09,46.8687
2019-10-14,47.2665
2019-10-15,47.1505
2019-10-16,47.2499
2019-10-17,47.5648
2019-10-18,47.7637
2019-10-21,47.9791
2019-10-22,48.1117
2019-10-23,48.6595
2019-10-24,48.8538
2019-10-25,48.7655
2019-10-28,48.9422
2019-10-29,48.8008
2019-10-30,48.8538
2019-10-31,48.7301
2019-11-01,48.8185
2019-11-04,49.1895
2019-11-05,49.5252
2019-11-06,49.3485
2019-11-07,49.1188
2019-11-08,49.2602
2019-11-11,48.5888
2019-11-12,49.0128
2019-11-13,49.1012
2019-11-14,49.1719
2019-11-15,49.2602
2019-11-18,49.5606
2019-11-19,49.7196
2019-11-20,49.6312
2019-11-21,49.4722
2019-11-22,49.4899
2019-11-25,49.4545
2019-11-26,49.5782
2019-11-27,49.5429
2019-11-28,49.5252
2019-11-29,49.0305
2019-12-02,48.8538
2019-12-03,49.3309
2019-12-04,49.2602
2019-12-05,49.5252
2019-12-06,49.7019
2019-12-09,49.8433
2019-12-10,49.7196
2019-12-11,49.8433
2019-12-12,50.0199
2019-12-13,50.126
2019-12-16,50.4793
2019-12-17,50.7267
2019-12-18,50.8327
2019-12-19,50.6914
2019-12-20,50.8857
2019-12-23,50.7444
2019-12-24,50.7797
2019-12-25,50.9387
2019-12-26,50.9917
2019-12-27,51.0624
2019-12-30,51.2391
2019-12-31,51.1861
2020-01-02,51.3981
2020-01-03,51.5571
2020-01-06,51.1684
2020-01-07,50.6914
2020-01-08,50.3557
2020-01-09,50.709
2020-01-10,50.6914
2020-01-13,50.9564
2020-01-14,51.2744
2020-01-15,51.2568
2020-01-16,51.4158
2020-01-17,51.5218
2020-01-20,51.5748
2020-01-30,48.9422
2020-01-31,49.3309
2020-02-03,49.0128
2020-02-04,49.6842
2020-02-05,49.6136
2020-02-06,50.2496
2020-02-07,49.8786
2020-02-10,49.7196
2020-02-11,50.073
2020-02-12,50.4617
2020-02-13,50.603
2020-02-14,50.868
2020-02-17,50.8857
2020-02-18,50.8857
2020-02-19,51.1684
2020-02-20,51.1154
2020-02-21,51.0624
2020-02-24,50.709
2020-02-25,50.656
2020-02-26,50.0023
2020-02-27,49.2955
2020-03-02,49.0305
2020-03-03,49.3485
2020-03-04,49.2249
2020-03-05,49.6489
2020-03-06,49.2602
2020-03-09,48.1471
2020-03-10,48.1471
2020-03-11,47.6523
2020-03-12,45.8148
2020-03-13,44.684
2020-03-16,43.1292
2020-03-17,41.8217
2020-03-18,41.1503
2020-03-19,38.606
2020-03-20,41.1326
2020-03-23,39.7368
2020-03-24,41.3093
2020-03-25,42.5638
2020-03-26,42.8641
2020-03-27,43.0232
2020-03-30,42.9702
2020-03-31,43.2705
2020-04-01,43.3235
2020-04-06,43.8889
2020-04-07,44.5603
2020-04-08,45.5321
2020-04-09,45.3201
2020-04-10,45.4614
2020-04-13,45.3731
2020-04-14,46.0268
2020-04-15,46.7689
2020-04-16,46.7159
2020-04-17,46.8219
2020-04-20,46.9986
2020-04-21,46.1152
2020-04-22,46.3449
2020-04-23,46.5392
2020-04-24,46.5216
2020-04-27,47.3343
2020-04-28,47.5463
2020-04-29,47.829
2020-04-30,48.5181
2020-05-04,47.8644
2020-05-05,48.2884
2020-05-06,48.2707
2020-05-07,48.4121
2020-05-08,48.5888
2020-05-11,48.8715
2020-05-12,48.6771
2020-05-13,49.0305
2020-05-14,48.5534
2020-05-15,48.4651
2020-05-18,48.1471
2020-05-19,48.4651
2020-05-20,48.5534
2020-05-21,48.8185
2020-05-22,48.5004
2020-05-25,48.5888
2020-05-26,49.1542
2020-05-27,49.2072
2020-05-28,49.2955
2020-05-29,49.2249
2020-06-01,49.5606
2020-06-02,49.7726
2020-06-03,50.3203
2020-06-04,50.656
2020-06-05,50.8857
2020-06-08,51.0271
2020-06-09,50.9564
2020-06-10,50.9917
2020-06-11,50.232
2020-06-12,49.9846
2020-06-15,49.7019
2020-06-16,50.2673
2020-06-17,50.285
2020-06-18,50.444
2020-06-19,50.4617
2020-06-22,50.3203
2020-06-23,50.4263
2020-06-24,50.4263
2020-06-29,50.3733
2020-06-30,50.4617
2020-07-01,50.868
2020-07-02,51.3981
2020-07-03,51.8221
2020-07-06,52.7056
2020-07-07,51.9988
2020-07-08,52.5112
2020-07-09,52.5466
2020-07-10,52.1579
2020-07-13,52.3875
2020-07-14,52.2639
2020-07-15,52.1755
2020-07-16,52.3522
2020-07-17,52.2815
2020-07-20,52.2109
2020-07-21,52.7232
2020-07-22,52.9529
2020-07-23,53.3063
2020-07-24,52.7409
2020-07-27,52.7232
2020-07-28,52.0518
2020-07-29,52.3345
2020-07-30,52.9883
2020-07-31,53.43
2020-08-03,53.0236
2020-08-04,53.3063
2020-08-05,54.1014
2020-08-06,54.2428
2020-08-07,54.1544
2020-08-10,54.0661
2020-08-11,53.6244
2020-08-12,53.3947
2020-08-13,53.5713
2020-08-14,54.1191
2020-08-17,54.7021
2020-08-18,54.5961
2020-08-19,54.3664
2020-08-20,52.6349
2020-08-21,53.2003
2020-08-24,53.2533
2020-08-25,53.7834
2020-08-26,53.7657
2020-08-27,53.589
2020-08-28,53.43
2020-08-31,53.2886
2020-09-01,53.112
2020-09-02,53.2533
2020-09-03,53.4477
2020-09-04,53.165
2020-09-07,52.9353
2020-09-08,52.9529
2020-09-09,52.7409
2020-09-10,52.7409
2020-09-11,52.5642
2020-09-14,52.9706
2020-09-15,53.1826
2020-09-16,53.4477
2020-09-17,53.4123
2020-09-18,53.3593
2020-09-21,53.059
2020-09-22,52.6526
2020-09-23,52.4759
2020-09-24,51.3451
2020-09-25,51.0624
2020-09-28,51.9105
2020-09-29,51.9458
2020-09-30,52.0872
2020-10-05,52.0342
2020-10-06,52.4406
2020-10-07,52.3875
2020-10-08,52.5819
2020-10-12,52.5466
2020-10-13,52.4936
2020-10-14,52.5466
2020-10-15,52.4582
2020-10-16,52.2285
2020-10-19,52.3699
2020-10-20,52.3699
2020-10-21,52.2815
2020-10-22,52.2815
2020-10-23,52.3522
2020-10-26,52.4582
2020-10-27,52.4582
2020-10-28,52.645
2020-10-29,52.2528
2020-10-30,51.9166
2020-11-02,51.7672
2020-11-03,52.3088
2020-11-04,52.3835
2020-11-05,52.5142
2020-11-06,52.645
2020-11-09,53.0371
2020-11-10,52.8317
2020-11-11,53.2239
2020-11-12,53.0371
2020-11-13,53.2799
2020-11-16,53.7841
2020-11-17,53.8028
2020-11-18,53.9709
2020-11-19,53.8962
2020-11-20,53.9335
2020-11-23,54.4191
2020-11-24,54.3631
2020-11-25,54.1763
2020-11-26,54.4378
2020-11-27,54.7553
2020-11-30,54.8113
2020-12-01,54.8113
2020-12-02,54.9794
2020-12-03,54.998
2020-12-04,55.4276
2020-12-07,55.745
2020-12-08,55.8384
2020-12-09,56.2866
2020-12-10,55.9131
2020-12-11,55.6703
2020-12-14,55.689
2020-12-15,55.1101
2020-12-16,55.6517
2020-12-17,55.3902
2020-12-18,55.2968
2020-12-21,55.2782
2020-12-22,54.9607
2020-12-23,54.942
2020-12-24,55.0541
2020-12-25,55.1101
2020-12-28,55.5583
2020-12-29,55.4089
2020-12-30,55.6143
2020-12-31,55.9318
2021-01-04,55.9131
2021-01-05,56.0625
2021-01-06,56.0252
2021-01-07,56.436
2021-01-08,56.8842
2021-01-11,57.1643
2021-01-12,56.6788
2021-01-13,57.3137
2021-01-14,57.7433
2021-01-15,57.5005
2021-01-18,57.1643
2021-01-19,57.4071
2021-01-20,56.492
2021-01-21,56.5854
2021-01-22,57.0149
2021-01-25,57.5752
2021-01-26,57.2951
2021-01-27,57.7993
2021-01-28,57.3698
2021-01-29,56.5107
2021-02-01,56.492
2021-02-02,56.9589
2021-02-03,56.9776
2021-02-04,56.9776
2021-02-05,57.0523
2021-02-17,57.8927
2021-02-18,58.1354
2021-02-19,58.1168
2021-02-22,58.8264
2021-02-23,59.3867
2021-02-24,59.3867
2021-02-25,59.7788
2021-02-26,59.5734
2021-03-02,59.5734
2021-03-03,59.6294
2021-03-04,59.3867
2021-03-05,59.3867
2021-03-08,59.7602
2021-03-09,59.7602
2021-03-10,59.9469
2021-03-11,60.3764
2021-03-12,60.5632
2021-03-15,61.1421
2021-03-16,61.609
2021-03-17,61.5343
2021-03-18,62.6174
2021-03-19,62.7482
2021-03-22,62.7482
2021-03-23,62.8602
2021-03-24,62.8415
2021-03-25,62.8602
2021-03-26,63.1217
2021-03-29,64.1301
2021-03-30,64.6157
2021-03-31,64.6717
2021-04-01,64.6344
2021-04-06,64.8771
2021-04-07,64.8211
2021-04-08,64.8958
2021-04-09,64.8024
2021-04-12,64.7838
2021-04-13,64.3729
2021-04-14,64.1488
2021-04-15,64.4289
2021-04-16,65.2506
2021-04-19,65.7362
2021-04-20,65.979
2021-04-21,66.3525
2021-04-22,66.1097
2021-04-23,65.9229
2021-04-26,67.2115
2021-04-27,67.1928
2021-04-28,67.1928
2021-04-29,67.4543
2021-05-03,67.0621
2021-05-04,65.9229
2021-05-05,66.0163
2021-05-06,65.9229
2021-05-07,66.7073
2021-05-10,67.0061
2021-05-11,64.8024
2021-05-12,62.5614
2021-05-13,62.3747
2021-05-14,62.8415
2021-05-17,61.1608
2021-05-18,63.5139
2021-05-19,63.6819
2021-05-20,63.2337
2021-05-21,63.4952
2021-05-24,63.5886
2021-05-25,64.1301
2021-05-26,64.0928
2021-05-27,64.0181
2021-05-28,64.5223
2021-05-31,64.8958
2021-06-01,65.4747
2021-06-02,65.288
2021-06-03,65.2693
2021-06-04,64.9332
2021-06-07,64.8398
2021-06-08,64.7091
2021-06-09,64.3356
2021-06-10,64.6157
2021-06-11,64.5223
2021-06-15,64.7091
2021-06-16,64.9518
2021-06-17,65.1759
2021-06-18,65.1946
2021-06-21,64.5223
2021-06-22,64.2982
2021-06-23,64.3356
2021-06-24,64.7277
2021-06-25,64.8771
2021-06-28,65.5494
2021-06-29,64.9892
2021-06-30,65.3627
2021-07-01,65.3627
2021-07-02,65.7362
2021-07-05,66.6513
2021-07-06,67.0621
2021-07-07,66.5019
2021-07-08,66.8567
2021-07-09,66.1844
2021-07-12,65.8669
2021-07-13,65.0826
2021-07-14,64.3916
2021-07-15,65.3253
2021-07-16,65.5868
2021-07-19,65.6241
2021-07-20,64.541
2021-07-21,63.738
2021-07-22,63.8874
2021-07-23,64.3729
2021-07-26,64.4289
2021-07-27,63.6259
2021-07-28,63.2897
2021-07-29,63.6819
2021-07-30,63.3084
2021-08-02,63.4952
2021-08-03,63.7753
2021-08-04,64.1488
2021-08-05,63.8687
2021-08-06,63.9621
2021-08-09,63.6819
2021-08-10,63.103
2021-08-11,62.5427
2021-08-12,62.5801
2021-08-13,62.1319
2021-08-16,61.3662
2021-08-17,60.7499
2021-08-18,61.7584
2021-08-19,60.3578
2021-08-20,60.2457
2021-08-23,61.4036
2021-08-24,61.2542
2021-08-25,61.6277
2021-08-26,61.609
2021-08-27,61.8331
2021-08-30,62.1692
2021-08-31,62.3373
2021-09-01,62.356
2021-09-02,61.9265
2021-09-03,62.0759
2021-09-06,61.7584
2021-09-07,61.9265
2021-09-08,61.2542
2021-09-09,61.5156
2021-09-10,62.0385
2021-09-13,62.3933
2021-09-14,62.3
2021-09-15,62.2439
2021-09-16,62.1506
2021-09-17,62.412
2021-09-22,61.4409
2021-09-23,61.7771
2021-09-24,62.1879
2021-09-27,62.1879
2021-09-28,61.7771
2021-09-29,61.0674
2021-09-30,61.1981
2021-10-01,60.2457
2021-10-04,59.4614
2021-10-05,59.6855
2021-10-06,59.5361
2021-10-07,60.8246
2021-10-08,60.862
2021-10-12,60.2084
2021-10-13,60.0776
2021-10-14,60.0963
2021-10-15,60.3391
2021-10-18,60.4325
2021-10-19,60.5072
2021-10-20,60.4511
2021-10-21,60.5072
2021-10-22,60.9817
2021-10-25,61.0213
2021-10-26,61.397
2021-10-27,61.5947
2021-10-28,62.0693
2021-10-29,62.1879
2021-11-01,62.4054
2021-11-02,62.3461
2021-11-03,62.8207
2021-11-04,62.9986
2021-11-05,63.1766
2021-11-08,64.0466
2021-11-09,63.9675
2021-11-10,63.9478
2021-11-11,63.5721
2021-11-12,63.6709
2021-11-15,64.1257
2021-11-16,64.4421
2021-11-17,64.6794
2021-11-18,65.2133
2021-11-19,65.1144
2021-11-22,65.1144
2021-11-23,64.5212
2021-11-24,64.4817
2021-11-25,64.5608
2021-11-26,63.9675
2021-11-29,63.7105
2021-11-30,63.8687
2021-12-01,64.2641
2021-12-02,64.2048
2021-12-03,64.5608
2021-12-06,64.976
2021-12-07,65.3121
2021-12-08,65.6088
2021-12-09,65.8856
2021-12-10,65.846
2021-12-13,65.9054
2021-12-14,65.154
2021-12-15,65.3319
2021-12-16,66.1426
2021-12-17,66.1031
2021-12-20,66.0635
2021-12-21,65.9647
2021-12-22,65.846
2021-12-23,65.9251
2021-12-24,65.8263
2021-12-27,66.0042
2021-12-28,66.3601
2021-12-29,66.459
2021-12-30,66.3997
2022-01-03,66.0833
2022-01-04,66.0635
2022-01-05,66.1426
2022-01-06,66.0635
2022-01-07,65.589
2022-01-10,65.7867
2022-01-11,65.6483
2022-01-12,65.4506
2022-01-13,65.6483
2022-01-14,65.5494
2022-01-17,65.6878
2022-01-18,66.1426
2022-01-19,65.6681
2022-01-20,65.9647
2022-01-21,64.9364
2022-01-24,64.6992
2022-01-25,63.9478
2022-01-26,64.0664
2022-02-07,65.2528
2022-02-08,65.846
2022-02-09,66.2415
2022-02-10,66.2217
2022-02-11,66.1031
2022-02-14,65.5099
2022-02-15,65.4506
2022-02-16,65.7867
2022-02-17,65.9251
2022-02-18,66.2415
2022-02-21,66.8347
2022-02-22,66.2217
2022-02-23,66.7358
2022-02-24,65.6285
2022-02-25,65.9054
2022-03-01,66.9929
2022-03-02,67.1709
2022-03-03,67.6652
2022-03-04,67.3093
2022-03-07,66.1426
2022-03-08,65.2528
2022-03-09,65.9647
2022-03-10,67.0127
2022-03-11,67.0324
2022-03-14,67.4872
2022-03-15,66.7952
2022-03-16,66.6568
2022-03-17,67.25
2022-03-18,67.0324
2022-03-21,67.1313
2022-03-22,66.9731
2022-03-23,67.1511
2022-03-24,67.1511
2022-03-25,66.8545
2022-03-28,66.7952
2022-03-29,66.5183
2022-03-30,66.637
2022-03-31,66.4986
2022-04-01,66.3404
2022-04-06,66.1822
2022-04-07,65.0551
2022-04-08,65.589
2022-04-11,64.8771
2022-04-12,64.6398
2022-04-13,65.4703
2022-04-14,65.3912
2022-04-15,65.0551
2022-04-18,64.6201
2022-04-19,64.9562
2022-04-20,64.9167
2022-04-21,65.0551
2022-04-22,64.8178
2022-04-25,63.3348
2022-04-26,63.1371
2022-04-27,62.2472
2022-04-28,62.7218
2022-04-29,63.2952
2022-05-03,63.4534
2022-05-04,63.8884
2022-05-05,64.3432
2022-05-06,63.7698
2022-05-09,62.4252
2022-05-10,62.5834
2022-05-11,61.6343
2022-05-12,60.5665
2022-05-13,60.9026
2022-05-16,60.7444
2022-05-17,60.6851
2022-05-18,61.3179
2022-05-19,60.6654
2022-05-20,60.7444
2022-05-23,61.0213
2022-05-24,60.7049
2022-05-25,61.0608
2022-05-26,60.9026
2022-05-27,61.4563
2022-05-30,62.1484
2022-05-31,62.0891
2022-06-01,62.3263
2022-06-02,62.0891
2022-06-06,62.2472
2022-06-07,62.1681
2022-06-08,62.4845
2022-06-09,61.8913
2022-06-10,61.4563
2022-06-13,60.3292
2022-06-14,60.2699
2022-06-15,60.0919
2022-06-16,59.2021
2022-06-17,58.5694
2022-06-20,57.0863
2022-06-21,57.8971
2022-06-22,56.3547
2022-06-23,55.4649
2022-06-24,55.5638
2022-06-27,57.0666
2022-06-28,56.414
2022-06-29,55.6429
2022-06-30,54.496
2022-07-01,53.013
2022-07-04,52.7559
2022-07-05,53.3096
2022-07-06,52.0441
2022-07-07,52.9141
2022-07-08,53.883
2022-07-11,53.883
2022-07-12,52.6373
2022-07-13,53.5469
2022-07-14,53.7446
2022-07-15,53.5666
2022-07-18,54.3378
2022-07-19,54.7333
2022-07-20,55.366
2022-07-21,56.1174
2022-07-22,56.157
2022-07-25,56.0186
2022-07-26,55.6033
2022-07-27,55.8604
2022-07-28,55.722
2022-07-29,56.4536
2022-08-01,56.8688
2022-08-02,56.2558
2022-08-03,56.2361
2022-08-04,56.2163
2022-08-05,57.0863
2022-08-08,57.0863
2022-08-09,57.4818
2022-08-10,56.9677
2022-08-11,57.5807
2022-08-12,57.9366
2022-08-15,57.7784
2022-08-16,57.818
2022-08-17,57.8971
2022-08-18,57.9168
2022-08-19,58.1739
2022-08-22,57.8377
2022-08-23,57.205
2022-08-24,56.9479
2022-08-25,57.2248
2022-08-26,57.5411
2022-08-29,56.2558
2022-08-30,56.6909
2022-08-31,56.9281
2022-09-01,56.2361
2022-09-02,55.5638
2022-09-05,55.722
2022-09-06,55.5242
2022-09-07,55.1683
2022-09-08,55.8604
2022-09-12,56.4734
2022-09-13,56.77
2022-09-14,56.0581
2022-09-15,56.5327
2022-09-16,55.9197
2022-09-19,55.4847
2022-09-20,55.3265
2022-09-21,54.6542
2022-09-22,53.7248
2022-09-23,53.5073
2022-09-26,52.0638
2022-09-27,52.0638
2022-09-28,51.0752
2022-09-29,51.0356
2022-09-30,50.9763
2022-10-03,50.7588
2022-10-04,51.9452
2022-10-05,52.6373
2022-10-06,52.5384
2022-10-07,51.965
2022-10-11,51.1147
2022-10-12,51.0554
2022-10-13,50.482
2022-10-14,51.2334
2022-10-17,50.9565
2022-10-18,51.0949
2022-10-19,51.5469
2022-10-20,50.9012
2022-10-21,50.7506
2022-10-24,50.9873
2022-10-25,50.3632
2022-10-26,50.3847
2022-10-27,50.7506
2022-10-28,50.1695
2022-10-31,50.5354
2022-11-01,50.686
2022-11-02,50.9443
2022-11-03,50.7506
2022-11-04,50.8797
2022-11-07,51.7837
2022-11-08,52.1496
2022-11-09,52.9674
2022-11-10,52.7952
2022-11-11,53.8068
2022-11-14,54.7108
2022-11-15,54.9906
2022-11-16,54.9475
2022-11-17,55.0551
2022-11-18,54.7323
2022-11-21,54.2803
2022-11-22,54.022
2022-11-23,54.4525
2022-11-24,54.969
2022-11-25,54.926
2022-11-28,54.4955
2022-11-29,54.8184
2022-11-30,55.2058
2022-12-01,55.5717
2022-12-02,55.378
2022-12-05,55.6793
2022-12-06,55.1197
2022-12-07,54.7538
2022-12-08,54.431
2022-12-09,54.9045
2022-12-12,54.8829
2022-12-13,54.9475
2022-12-14,55.2703
2022-12-15,55.3134
2022-12-16,55.3134
2022-12-19,55.378
2022-12-20,54.4525
2022-12-21,54.5386
2022-12-22,55.2488
2022-12-23,55.0982
2022-12-26,55.0551
2022-12-27,55.1627
2022-12-28,54.6247
2022-12-29,54.431
2022-12-30,54.6677
2023-01-03,54.8614
2023-01-04,54.7753
2023-01-05,54.7968
2023-01-06,55.2273
2023-01-09,55.8299
2023-01-10,56.0882
2023-01-11,56.1097
2023-01-12,55.9376
2023-01-13,55.916
2023-01-16,56.0021
2023-01-17,56.0882
2023-01-30,57.0998
2023-01-31,57.1213
2023-02-01,57.4011
2023-02-02,58.0898
2023-02-03,58.1113
2023-02-06,57.9392
2023-02-07,57.9822
2023-02-08,58.4342
2023-02-09,58.4342
2023-02-10,58.1544
2023-02-13,58.0468
2023-02-14,58.3911
2023-02-15,58.219
2023-02-16,58.8216
2023-02-17,58.6279
2023-02-20,58.9938
2023-02-21,59.2521
2023-02-22,58.9723
2023-02-23,59.704
2023-02-24,59.5534
2023-03-01,59.661
2023-03-02,59.7901
2023-03-03,60.156
2023-03-06,60.8017
2023-03-07,61.0815
2023-03-08,61.06
2023-03-09,60.7802
2023-03-10,59.9623
2023-03-13,60.113
2023-03-14,59.5318
2023-03-15,59.5318
2023-03-16,59.1875
2023-03-17,59.7471
2023-03-20,59.7471
2023-03-21,59.9193
2023-03-22,60.3712
2023-03-23,60.5219
2023-03-24,60.8232
2023-03-27,60.9308
2023-03-28,60.3928
2023-03-29,60.5865
2023-03-30,60.8878
2023-03-31,61.1891
2023-04-06,61.2752
2023-04-07,61.1891
2023-04-10,61.3398
2023-04-11,61.7702
2023-04-12,62.0931
2023-04-13,61.7917
2023-04-14,61.8563
2023-04-17,61.9854
2023-04-18,61.7056
2023-04-19,61.4474
2023-04-20,61.1891
2023-04-21,60.6726
2023-04-24,60.8447
2023-04-25,59.8332
2023-04-26,59.9193
2023-04-27,60.3067
2023-04-28,60.7586
2023-05-02,61.2106
2023-05-03,61.1676
2023-05-04,61.2321
2023-05-05,61.2752
2023-05-08,61.7056
2023-05-09,61.6411
2023-05-10,61.4258
2023-05-11,61.1245
2023-05-12,61.2321
2023-05-15,61.1676
2023-05-16,61.6626
2023-05-17,61.8993
2023-05-18,62.5235
2023-05-19,63.0831
2023-05-22,63.1692
2023-05-23,63.2122
2023-05-24,63.3414
2023-05-25,64.0947
2023-05-26,64.848
2023-05-29,65.9671
2023-05-30,65.6873
2023-05-31,65.6228
2023-06-01,65.5797
2023-06-02,66.5698
2023-06-05,66.9357
2023-06-06,67.0433
2023-06-07,67.7105
2023-06-08,67.237
2023-06-09,68.3992
2023-06-12,68.3992
2023-06-13,69.3032
2023-06-14,69.5614
2023-06-15,70.3578
2023-06-16,70.5515
2023-06-19,70.4439
2023-06-20,69.9058
2023-06-21,70.6591
2023-06-26,70.53
2023-06-27,69.2601
2023-06-28,69.5184
2023-06-29,70.0134
2023-06-30,70.3147
2023-07-03,71.5415
2023-07-04,72.9835
2023-07-05,72.5531
2023-07-06,71.7568
2023-07-07,71.1972
2023-07-10,71.4124
2023-07-11,72.7468
2023-07-12,73.8229
2023-07-13,74.9421
2023-07-14,76.4918
2023-07-17,77.3527
2023-07-18,77.729
2023-07-19,76.0686
2023-07-20,76.8435
2023-07-21,78.0611
2023-07-24,79.6772
2023-07-25,79.8101
2023-07-26,79.7436
2023-07-27,79.9208
2023-07-28,80.9834
2023-07-31,79.1238
2023-08-01,79.1016
2023-08-02,76.4007
2023-08-04,76.9099
2023-08-07,79.0352
2023-08-08,78.7917
2023-08-09,78.2603
2023-08-10,76.2236
2023-08-11,76.5114
2023-08-14,75.8915
2023-08-15,77.1534
2023-08-16,77.7954
2023-08-17,78.2161
2023-08-18,77.1313
2023-08-21,77.1534
2023-08-22,77.729
2023-08-23,78.4375
2023-08-24,79.168
2023-08-25,77.7954
2023-08-28,77.6183
2023-08-29,77.8397
2023-08-30,78.2603
2023-08-31,78.1718
2023-09-01,77.7512
2023-09-04,78.0832
2023-09-05,78.4375
2023-09-06,78.8138
2023-09-07,78.4817
2023-09-08,78.4153
2023-09-11,77.0206
2023-09-12,77.0427
2023-09-13,77.1756
2023-09-14,78.1718
2023-09-15,78.7695
2023-09-18,78.1718
2023-09-19,77.7954
2023-09-20,77.5962
2023-09-21,76.8213
2023-09-22,77.242
2023-09-25,77.6626
2023-09-26,76.9542
2023-09-27,77.1977
2023-09-28,77.6183
2023-10-02,79.1238
2023-10-03,78.8138
2023-10-04,78.3489
2023-10-05,79.0131
2023-10-06,79.2345
2023-10-11,79.2123
2023-10-12,79.6551
2023-10-13,79.0795
2023-10-16,78.6367
2023-10-17,78.0832
2023-10-18,77.2641
2023-10-19,77.1495
2023-10-20,76.5763
2023-10-23,75.8426
2023-10-24,76.7368
2023-10-25,77.0807
2023-10-26,75.8885
2023-10-27,75.9573
2023-10-30,76.1865
2023-10-31,74.9485
2023-11-01,75.407
2023-11-02,76.8514
2023-11-03,77.2412
2023-11-06,78.5022
2023-11-07,78.4792
2023-11-08,79.19
2023-11-09,79.2129
2023-11-10,78.9378
2023-11-13,79.19
2023-11-14,79.511
2023-11-15,79.8549
2023-11-16,79.7173
2023-11-17,79.8319
2023-11-20,80.0154
2023-11-21,80.9324
2023-11-22,80.3593
2023-11-23,80.1758
2023-11-24,80.1071
2023-11-27,79.6714
2023-11-28,80.0154
2023-11-29,80.451
2023-11-30,80.428
2023-12-01,80.5427
2023-12-04,80.6802
2023-12-05,80.3593
2023-12-06,80.9554
2023-12-07,80.8178
2023-12-08,81.2076
2023-12-11,81.3222
2023-12-12,81.5744
2023-12-13,82.6749
2023-12-14,83.7983
2023-12-15,83.3627
2023-12-18,83.4086
2023-12-19,82.7666
2023-12-20,83.8442
2023-12-21,83.2939
2023-12-22,83.3856
2023-12-25,84.0276
2023-12-26,84.83
2023-12-27,85.793
2023-12-28,85.5866
2023-12-29,85.7471
2024-01-02,85.2198
2024-01-03,84.0964
2024-01-04,83.89
2024-01-05,83.7983
2024-01-08,83.8442
2024-01-09,83.6607
2024-01-10,83.0876
2024-01-11,83.4315
2024-01-12,83.2939
2024-01-15,83.5003
2024-01-16,83.3856
2024-01-17,82.2635
2024-01-18,82.0999
2024-01-19,83.3389
2024-01-22,84.4843
2024-01-23,84.6246
2024-01-24,84.6947
2024-01-25,84.835
2024-01-26,84.3207
2024-01-29,84.8116
2024-01-30,84.9986
2024-01-31,84.6246
2024-02-01,84.8584
2024-02-02,85.209
2024-02-05,85.209
2024-02-15,86.1675
2024-02-16,86.6584
2024-02-19,86.822
2024-02-20,87.4065
2024-02-21,87.1727
2024-02-22,88.0143
2024-02-23,87.874
2024-02-26,88.0844
2024-02-27,87.687
2024-02-29,88.1311
2024-03-01,88.2247
2024-03-04,88.8325
2024-03-05,89.2065
2024-03-06,90.0714
2024-03-07,90.4221
2024-03-08,89.8844
2024-03-11,89.8377
2024-03-12,91.1468
2024-03-13,91.3572
2024-03-14,90.5156
2024-03-15,91.2169
2024-03-18,92.0117
2024-03-19,92.8065
2024-03-20,92.6429
2024-03-21,93.3442
2024-03-22,93.0403
2024-03-25,92.6195
2024-03-26,91.7312
2024-03-27,92.4559
2024-03-28,92.9
2024-03-29,93.1806
2024-04-01,92.5494
2024-04-02,93.2273
2024-04-03,92.9234
2024-04-08,93.3208
2024-04-09,93.4845
2024-04-10,93.9754
2024-04-11,93.7182
2024-04-12,93.4611
2024-04-15,92.6195
2024-04-16,89.9779
2024-04-17,91.0299
2024-04-18,91.1015
2024-04-19,88.9301
2024-04-22,88.095
2024-04-23,88.5722
2024-04-24,90.3141
2024-04-25,89.5028
2024-04-26,89.9323
2024-04-29,91.4833
2024-04-30,91.4355
2024-05-02,91.5071
2024-05-03,91.7457
2024-05-06,92.7717
2024-05-07,92.9865
2024-05-08,93.1058
2024-05-09,92.8672
2024-05-10,93.1535
2024-05-13,93.1535
2024-05-14,93.6785
2024-05-15,93.7739
2024-05-16,94.4897
2024-05-17,94.275
2024-05-20,94.6329
2024-05-21,94.2511
2024-05-22,95.5396
2024-05-23,95.468
2024-05-24,95.6828
2024-05-27,97.2099
2024-05-28,97.3769
2024-05-29,96.852
2024-05-30,95.5158
2024-05-31,95.2772
2024-06-03,96.2077
2024-06-04,95.468
2024-06-05,95.1101
2024-06-06,95.5635
2024-06-07,95.468
2024-06-11,95.3249
2024-06-12,95.3726
2024-06-13,96.4463
2024-06-14,96.7565
2024-06-17,97.3292
2024-06-18,97.7348
2024-06-19,99.0711
2024-06-20,100.0971
2024-06-21,99.9778
2024-06-24,98.8086
2024-06-25,98.5461
2024-06-26,98.3075
2024-06-27,97.6155
2024-06-28,98.1166
2024-07-01,98.6654
2024-07-02,98.0689
2024-07-03,98.8325
2024-07-04,99.9301
2024-07-05,100.0732
2024-07-08,100.5504
2024-07-09,100.4311
2024-07-10,101.0277
2024-07-11,101.7674
2024-07-12,101.147
2024-07-15,101.0993
2024-07-16,101.0993
2024-07-17,100.3649
2024-07-18,98.8961
2024-07-19,97.4518
2024-07-22,95.5669
2024-07-23,96.6196
2024-07-26,95.0284
2024-07-29,94.0492
2024-07-30,93.9268
2024-07-31,93.9268
2024-08-01,95.8362
2024-08-02,93.0211
2024-08-05,85.9466
2024-08-06,87.6602
2024-08-07,90.5487
2024-08-08,90.0102
2024-08-09,91.43
2024-08-12,92.7274
2024-08-13,92.9721
2024-08-14,93.9024
2024-08-15,93.4373
2024-08-16,95.0284
2024-08-19,95.0529
2024-08-20,95.2487
2024-08-21,94.6367
2024-08-22,94.4409
2024-08-23,94.5143
2024-08-26,95.518
2024-08-27,95.1508
2024-08-28,95.4445
2024-08-29,95.4935
2024-08-30,95.6159
2024-09-02,95.6159
2024-09-03,95.4201
2024-09-04,92.0175
2024-09-05,92.1154
2024-09-06,92.7029
2024-09-09,92.1888
2024-09-10,91.0138
2024-09-11,90.9404
2024-09-12,92.4581
2024-09-13,92.5805
2024-09-16,92.9721
2024-09-18,92.3357
2024-09-19,92.9477
2024-09-20,93.3883
2024-09-23,93.6331
2024-09-24,93.6086
2024-09-25,94.8081
2024-09-26,94.857
2024-09-27,95.4935
2024-09-30,94.6367
2024-10-01,94.4164
2024-10-04,93.8779
2024-10-07,94.5878
2024-10-08,94.0737
2024-10-09,94.0737
2024-10-11,94.4899
2024-10-14,94.7347
2024-10-15,95.7138
2024-10-16,95.518
2024-10-17,95.9459
2024-10-18,95.7949
2024-10-21,95.8704
2024-10-22,96.0465
2024-10-23,95.669
2024-10-24,95.1656
2024-10-25,95.5683
2024-10-28,95.4928
2024-10-29,94.3602
2024-10-30,94.184
2024-11-01,93.9827
2024-11-04,94.335
2024-11-05,94.8384
2024-11-06,95.1153
2024-11-07,96.0465
2024-11-08,95.971
2024-11-11,95.8452
2024-11-12,94.4357
2024-11-13,94.3602
2024-11-14,93.3282
2024-11-15,93.4793
2024-11-18,93.1269
2024-11-19,93.7561
2024-11-20,93.3786
2024-11-21,93.3786
2024-11-22,93.9575
2024-11-25,94.335
2024-11-26,93.9071
2024-11-27,92.397
2024-11-28,91.8684
2024-11-29,92.1201
2024-12-02,93.1772
2024-12-03,93.2527
2024-12-04,93.3534
2024-12-05,93.6554
2024-12-06,93.882
2024-12-09,93.882
2024-12-10,93.2527
2024-12-11,92.9004
2024-12-12,93.1772
2024-12-13,92.8249
2024-12-16,91.9691
2024-12-17,91.8181
2024-12-18,92.6235
2024-12-19,92.1956
2024-12-20,91.6671
2024-12-23,92.7493
2024-12-24,93.0262
2024-12-25,93.1017
2024-12-26,93.3534
2024-12-27,93.2527
2024-12-30,92.699
2024-12-31,92.3215
2025-01-02,92.3718
2025-01-03,92.5732
2025-01-06,93.6806
2025-01-07,93.882
2025-01-08,93.882
2025-01-09,92.4473
2025-01-10,92.0194
2025-01-13,90.6099
2025-01-14,91.516
2025-01-15,90.912
2025-01-16,91.5916
2025-01-17,91.6694
2025-01-20,92.1102
2025-01-21,92.4214
2025-01-22,92.7844
2025-02-03,91.9287
2025-02-04,91.2804
2025-02-05,92.3695
2025-02-06,92.6029
2025-02-07,92.9659
2025-02-10,93.0437
2025-02-11,93.4068
2025-02-12,93.4068
2025-02-13,94.2366
2025-02-14,94.107
2025-02-17,94.9108
2025-02-18,95.1183
2025-02-19,95.5332
2025-02-20,95.5073
2025-02-21,95.9481
2025-02-24,95.8963
2025-02-25,95.6888
2025-02-26,96.1815
2025-02-27,95.1961
2025-03-03,94.7293
2025-03-04,94.5478
2025-03-05,95.1702
2025-03-06,95.3258
2025-03-07,94.9108
2025-03-10,94.4441
2025-03-11,93.7958
2025-03-12,93.7958
2025-03-13,93.1734
2025-03-14,93.0697
2025-03-17,93.692
2025-03-18,94.4181
2025-03-19,93.7439
2025-03-20,94.5478
2025-03-21,94.3922
2025-03-24,94.1329
2025-03-25,94.0032
2025-03-26,94.2625
2025-03-27,93.5364
2025-03-28,92.8363
2025-03-31,90.1394
2025-04-01,91.436
2025-04-02,91.2026
2025-04-07,82.1005
2025-04-08,79.3517
2025-04-09,74.3987
2025-04-10,81.8152
2025-04-11,83.5267
2025-04-14,84.6937
2025-04-15,85.9384
2025-04-16,85.1864
2025-04-17,84.5381
2025-04-18,84.7715
2025-04-21,83.9416
2025-04-22,82.9303
2025-04-23,84.8352
2025-04-24,84.4059
2025-04-25,85.7742
2025-04-28,86.2572
2025-04-29,86.7669
2025-04-30,86.445
2025-05-02,87.5718
2025-05-05,86.8474
2025-05-06,87.6791
2025-05-07,87.5718
2025-05-08,88.1084
2025-05-09,88.8328
2025-05-12,89.7987
2025-05-13,90.8987
2025-05-14,92.4011
2025-05-15,92.267
2025-05-16,92.5889
2025-05-19,91.7572
2025-05-20,91.7304
2025-05-21,92.7231
2025-05-22,92.428
2025-05-23,91.9987
2025-05-26,91.7572
2025-05-27,91.0328
2025-05-28,91.0597
2025-05-29,91.4353
2025-06-02,89.9596
2025-06-03,90.6572
2025-06-04,91.4621
2025-06-05,91.2475
2025-06-06,91.2475
2025-06-09,91.5963
2025-06-10,92.6426
2025-06-11,92.8036
2025-06-12,92.8036
2025-06-13,92.8036
2025-06-16,92.8304
2025-06-17,92.9646
2025-06-18,93.0987
2025-06-19,92.3207
2025-06-20,91.7841
2025-06-23,90.9523
2025-06-24,92.428
2025-06-25,92.8572
2025-06-26,92.9646
2025-06-27,93.0719
2025-06-30,92.8841
2025-07-01,93.1255
2025-07-02,93.5012
2025-07-03,94.306
2025-07-04,93.6085
2025-07-07,93.4475
2025-07-08,92.9646
2025-07-09,93.7695
2025-07-10,94.0109
2025-07-11,94.4402
2025-07-14,93.9841
2025-07-15,94.6012
2025-07-16,95.1914
2025-07-17,95.3524
2025-07-18,95.5134
2025-07-21,95.7059
2025-07-22,94.6608
2025-07-23,95.6509
2025-07-24,95.8434
2025-07-25,95.8984
2025-07-28,96.1459
2025-07-29,95.4309
2025-07-30,95.6234
2025-07-31,95.6784
2025-08-01,95.7334
2025-08-04,95.6784
2025-08-05,96.5584
2025-08-06,96.5309
2025-08-07,96.7785
2025-08-08,96.916
2025-08-11,96.8885
2025-08-12,96.8335
2025-08-13,96.4484
2025-08-14,96.3934
2025-08-15,96.3384
2025-08-18,96.5309
2025-08-19,96.2834
2025-08-20,94.8808
2025-08-21,95.4584
2025-08-22,95.1559
2025-08-25,96.0909
2025-08-26,96.0084
2025-08-27,96.3659
2025-08-28,96.3659
2025-08-29,96.2284
2025-09-01,95.3209
2025-09-02,95.3484
2025-09-03,95.5959
2025-09-04,96.0084
2025-09-05,96.5584
2025-09-08,97.3835
2025-09-09,98.071
2025-09-10,99.1986
2025-09-11,98.9236
2025-09-12,99.5011
2025-09-15,99.6111
2025-09-16,99.8586
2025-09-17,99.5011
2025-09-18,100.1062
2025-09-19,100.5462
2025-09-22,101.2062
2025-09-23,101.5912
2025-09-24,101.4537
2025-09-25,101.6463
2025-09-26,100.4087
2025-09-30,101.2062
2025-10-01,101.2337
2025-10-02,101.8663
2025-10-03,101.8663
2025-10-07,103.0213
2025-10-08,102.9388
2025-10-09,102.9113
2025-10-13,101.5912
2025-10-14,100.6287
2025-10-15,100.8487
2025-10-16,102.2788
2025-10-17,102.0588
2025-10-20,103.1038
2025-10-21,103.5714
2025-10-22,103.8189
2025-10-23,103.6218
2025-10-27,104.8323
2025-10-28,104.5226
2025-10-29,105.4798
2025-10-30,105.2827
2025-10-31,105.4516
2025-11-03,105.0857
2025-11-04,104.0441
2025-11-05,103.5374
2025-11-06,104.0159
2025-11-07,102.8899
2025-11-10,102.9462
2025-11-11,102.4958
2025-11-12,102.6366
2025-11-13,102.7773
2025-11-14,101.7076
2025-11-17,100.7505
2025-11-18,98.5266
2025-11-19,97.7947
2025-11-20,99.9341
2025-11-21,98.5266
2025-11-24,98.9489
2025-11-25,98.9489
2025-11-26,100.469
2025-11-27,101.7076
2025-11-28,101.3979
2025-12-01,101.3416
2025-12-02,101.6513
2025-12-03,102.2143
2025-12-04,102.4677
2025-12-05,102.8899
2025-12-08,103.087
2025-12-09,102.9744
2025-12-10,103.0025
2025-12-11,102.2706
2025-12-12,102.6366
2025-12-15,102.1299
2025-12-16,101.5387
2025-12-17,101.9047
2025-12-18,101.6513
2025-12-19,102.4114
2025-12-22,103.3685
2025-12-23,102.8618
2025-12-24,102.8899
2025-12-26,103.0588
2025-12-29,103.3966
2025-12-30,103.284
2025-12-31,103.3966
2026-01-02,104.1848
2026-01-05,104.5226
2026-01-06,104.8886
2026-01-07,105.902
2026-01-08,105.3109
2026-01-09,105.2827
2026-01-12,106.0428
2026-01-13,106.2398
2026-01-14,106.8591
2026-01-15,106.9999
2026-01-16,107.7036
2026-01-19,108.1541
2026-01-20,108.2385
2026-01-21,107.5629
2026-01-22,108.7728
2026-01-23,108.6863
2026-01-26,110.1267
2026-01-27,110.9332
2026-01-28,111.2501
2026-01-29,110.2131
2026-01-30,108.2542
2026-02-02,107.0156
2026-02-03,108.3983
2026-02-04,109.0032
2026-02-05,108.1678
2026-02-06,108.0814
2026-02-09,109.5505
2026-02-10,110.4435
2026-02-11,111.4806
2026-02-23,112.7192
2026-02-24,114.4188
2026-02-25,115.3694
2026-02-26,116.0608
2026-03-02,114.9373
2026-03-03,112.7192
2026-03-04,108.7152
2026-03-05,110.9044
2026-03-06,111.2789
2026-03-09,108.2542
2026-03-10,109.1184
2026-03-11,111.3077
2026-03-12,110.9909
2026-03-13,110.9044
2026-03-16,111.7974
2026-03-17,112.7192
2026-03-18,113.5546
2026-03-19,111.9991
2026-03-20,111.6822
2026-03-23,109.3777
2026-03-24,109.5793
2026-03-25,111.1349
2026-03-26,111.0773
2026-03-27,110.7028
2026-03-30,109.032
2026-03-31,106.958
2026-04-01,109.781
2026-04-02,108.9456
2026-04-07,109.6658
2026-04-08,112.4024
2026-04-09,112.5752
2026-04-10,113.5258
2026-04-13,113.8427
2026-04-14,115.139
2026-04-15,115.9455
2026-04-16,117.5299
2026-04-17,118.0484
2026-04-20,119.4599
2026-04-21,120.9002
2026-04-22,122.7438
2026-04-23,119.912
2026-04-24,120.7969
2026-04-27,120.6494
2026-04-28,121.2689
2026-04-29,120.7379
2026-04-30,120.6494
2026-05-04,123.6583
2026-05-05,125.7232
2026-05-06,129.381
2026-05-07,131.9179
2026-05-08,132.3014
2026-05-11,134.9858
2026-05-12,134.4548
2026-05-13,133.1864
2026-05-14,133.1864
2026-05-15,131.1215
2026-05-18,131.2689
2026-05-19,129.8235
2026-05-20,129.912
2026-05-21,134.0418
2026-05-22,136.7262
2026-05-25,142.6259
2026-05-26,142.5374
2026-05-27,146.4312
2026-05-28,144.0419
2026-05-29,148.0832
2026-06-01,153.0979
2026-06-02,155.7528
2026-06-03,158.7027
2026-06-04,155.3103
2026-06-05,152.803
2026-06-08,145.8708
2026-06-09,151.1805
2026-06-10,146.3723
2026-06-11,146.2838
2026-06-12,149.2631
2026-06-15,151.918
2026-06-16,152.0655
2026-06-17,153.2454
2026-06-18,155.7528
2026-06-22,159.4401
2026-06-23,161.0626
2026-06-24,159.7104
