date,pcr
2010-01-04,130.8
2010-01-05,127.23
2010-01-06,138.49
2010-01-07,137.58
2010-01-08,137.68
2010-01-11,140.66
2010-01-12,140.51
2010-01-13,134.69
2010-01-14,136.96
2010-01-15,140.35
2010-01-18,140.09
2010-01-19,132.03
2010-01-20,112.49
2010-01-21,104.39
2010-01-22,95.57
2010-01-25,95.71
2010-01-26,79.41
2010-01-27,78.81
2010-01-28,84.69
2010-01-29,78.26
2010-02-01,73.53
2010-02-02,70.64
2010-02-03,70.74
2010-02-04,71.52
2010-02-05,59.03
2010-02-06,56.12
2010-02-08,55.99
2010-02-09,59.38
2010-02-10,61.84
2010-02-22,65.34
2010-02-23,95.26
2010-02-24,94.63
2010-02-25,89.21
2010-02-26,86.74
2010-03-01,94.07
2010-03-02,94.35
2010-03-03,92.12
2010-03-04,93.19
2010-03-05,95.84
2010-03-08,101.94
2010-03-09,103.64
2010-03-10,104.27
2010-03-11,104.53
2010-03-12,104.99
2010-03-15,101.27
2010-03-16,103.05
2010-03-17,79.22
2010-03-18,84.28
2010-03-19,80.65
2010-03-22,81.31
2010-03-23,83.95
2010-03-24,88.01
2010-03-25,89.14
2010-03-26,95.9
2010-03-29,97.94
2010-03-30,100.02
2010-03-31,100.25
2010-04-01,100.34
2010-04-02,101.94
2010-04-06,107.28
2010-04-07,108.61
2010-04-08,107.62
2010-04-09,105.64
2010-04-12,105.24
2010-04-13,99.8
2010-04-14,100.83
2010-04-15,103.85
2010-04-16,101.91
2010-04-19,91.91
2010-04-20,93.38
2010-04-21,88.41
2010-04-22,86.67
2010-04-23,89.89
2010-04-26,93.99
2010-04-27,95.44
2010-04-28,93.8
2010-04-29,97.04
2010-04-30,98.65
2010-05-03,93.07
2010-05-04,92.94
2010-05-05,81.81
2010-05-06,74.0
2010-05-07,66.19
2010-05-10,68.81
2010-05-11,71.69
2010-05-12,73.64
2010-05-13,80.04
2010-05-14,84.59
2010-05-17,80.74
2010-05-18,79.43
2010-05-19,88.55
2010-05-20,83.85
2010-05-21,74.38
2010-05-24,71.56
2010-05-25,64.18
2010-05-26,64.55
2010-05-27,65.26
2010-05-28,69.95
2010-05-31,72.47
2010-06-01,73.39
2010-06-02,71.98
2010-06-03,78.2
2010-06-04,81.55
2010-06-07,74.13
2010-06-08,74.13
2010-06-09,70.58
2010-06-10,69.62
2010-06-11,73.02
2010-06-14,76.18
2010-06-15,81.73
2010-06-17,87.36
2010-06-18,75.24
2010-06-21,79.73
2010-06-22,83.28
2010-06-23,85.09
2010-06-24,84.45
2010-06-25,80.51
2010-06-28,79.32
2010-06-29,81.06
2010-06-30,75.89
2010-07-01,76.13
2010-07-02,72.96
2010-07-05,75.47
2010-07-06,83.65
2010-07-07,86.97
2010-07-08,88.79
2010-07-09,92.53
2010-07-12,95.84
2010-07-13,94.55
2010-07-14,104.7
2010-07-15,108.26
2010-07-16,107.82
2010-07-19,109.79
2010-07-20,113.58
2010-07-21,74.18
2010-07-22,79.48
2010-07-23,85.67
2010-07-26,87.96
2010-07-27,88.7
2010-07-28,91.88
2010-07-29,96.95
2010-07-30,99.03
2010-08-02,106.23
2010-08-03,115.79
2010-08-04,117.26
2010-08-05,116.0
2010-08-06,118.92
2010-08-09,128.33
2010-08-10,131.32
2010-08-11,126.39
2010-08-12,123.54
2010-08-13,130.38
2010-08-16,133.23
2010-08-17,137.26
2010-08-18,94.0
2010-08-19,97.86
2010-08-20,98.2
2010-08-23,102.59
2010-08-24,107.36
2010-08-25,104.11
2010-08-26,97.93
2010-08-27,94.99
2010-08-30,99.18
2010-08-31,92.36
2010-09-01,90.3
2010-09-02,95.87
2010-09-03,100.29
2010-09-06,109.63
2010-09-07,111.33
2010-09-08,107.97
2010-09-09,110.27
2010-09-10,113.91
2010-09-13,135.59
2010-09-14,146.21
2010-09-15,121.26
2010-09-16,124.06
2010-09-17,118.35
2010-09-20,115.08
2010-09-21,113.38
2010-09-23,114.24
2010-09-24,114.64
2010-09-27,121.58
2010-09-28,122.71
2010-09-29,129.01
2010-09-30,130.04
2010-10-01,132.16
2010-10-04,134.83
2010-10-05,133.84
2010-10-06,140.78
2010-10-07,142.52
2010-10-08,140.56
2010-10-11,138.86
2010-10-12,127.58
2010-10-13,127.43
2010-10-14,134.74
2010-10-15,133.88
2010-10-18,119.84
2010-10-19,115.84
2010-10-20,119.99
2010-10-21,120.02
2010-10-22,118.3
2010-10-25,115.84
2010-10-26,122.75
2010-10-27,129.21
2010-10-28,137.97
2010-10-29,134.66
2010-11-01,134.88
2010-11-02,130.19
2010-11-03,125.59
2010-11-04,125.52
2010-11-05,130.01
2010-11-08,126.56
2010-11-09,125.47
2010-11-10,125.91
2010-11-11,126.13
2010-11-12,121.04
2010-11-15,112.17
2010-11-16,116.95
2010-11-17,113.18
2010-11-18,106.36
2010-11-19,105.75
2010-11-22,110.84
2010-11-23,111.26
2010-11-24,111.1
2010-11-25,114.36
2010-11-26,118.59
2010-11-29,114.64
2010-11-30,121.06
2010-12-01,124.77
2010-12-02,138.5
2010-12-03,147.07
2010-12-06,155.1
2010-12-07,154.13
2010-12-08,155.67
2010-12-09,154.91
2010-12-10,152.48
2010-12-13,156.33
2010-12-14,156.98
2010-12-15,110.7
2010-12-16,109.84
2010-12-17,109.63
2010-12-20,112.34
2010-12-21,112.01
2010-12-22,111.69
2010-12-23,114.43
2010-12-24,114.95
2010-12-27,116.9
2010-12-28,116.73
2010-12-29,117.6
2010-12-30,119.04
2010-12-31,124.55
2011-01-03,128.13
2011-01-04,126.3
2011-01-05,117.69
2011-01-06,114.87
2011-01-07,113.53
2011-01-10,113.55
2011-01-11,116.19
2011-01-12,119.64
2011-01-13,122.77
2011-01-14,122.21
2011-01-17,117.19
2011-01-18,120.58
2011-01-19,103.59
2011-01-20,105.18
2011-01-21,102.93
2011-01-24,101.76
2011-01-25,104.61
2011-01-26,106.55
2011-01-27,104.83
2011-01-28,108.59
2011-02-08,109.21
2011-02-09,108.28
2011-02-10,98.57
2011-02-11,79.39
2011-02-14,78.41
2011-02-15,80.67
2011-02-16,85.54
2011-02-17,97.04
2011-02-18,101.32
2011-02-21,102.94
2011-02-22,94.95
2011-02-23,88.63
2011-02-24,85.42
2011-02-25,81.17
2011-03-01,87.44
2011-03-02,92.15
2011-03-03,97.49
2011-03-04,101.35
2011-03-07,99.18
2011-03-08,100.45
2011-03-09,102.47
2011-03-10,95.72
2011-03-11,88.09
2011-03-14,84.06
2011-03-15,68.3
2011-03-16,101.82
2011-03-17,101.28
2011-03-18,103.57
2011-03-21,106.76
2011-03-22,107.89
2011-03-23,111.22
2011-03-24,113.01
2011-03-25,116.95
2011-03-28,117.76
2011-03-29,117.62
2011-03-30,116.96
2011-03-31,116.66
2011-04-01,117.28
2011-04-06,126.66
2011-04-07,130.41
2011-04-08,131.19
2011-04-11,133.95
2011-04-12,124.62
2011-04-13,125.73
2011-04-14,129.17
2011-04-15,127.63
2011-04-18,126.72
2011-04-19,120.43
2011-04-20,117.81
2011-04-21,123.34
2011-04-22,115.02
2011-04-25,116.73
2011-04-26,116.35
2011-04-27,122.4
2011-04-28,117.97
2011-04-29,115.23
2011-05-03,113.88
2011-05-04,112.24
2011-05-05,120.07
2011-05-06,118.68
2011-05-09,122.29
2011-05-10,116.55
2011-05-11,112.52
2011-05-12,113.32
2011-05-13,114.7
2011-05-16,111.87
2011-05-17,108.45
2011-05-18,109.16
2011-05-19,117.13
2011-05-20,111.84
2011-05-23,108.89
2011-05-24,107.21
2011-05-25,105.67
2011-05-26,108.43
2011-05-27,110.37
2011-05-30,110.42
2011-05-31,124.88
2011-06-01,125.21
2011-06-02,118.62
2011-06-03,120.85
2011-06-07,119.48
2011-06-08,119.82
2011-06-09,122.65
2011-06-10,110.24
2011-06-13,97.58
2011-06-14,104.75
2011-06-15,101.79
2011-06-16,109.09
2011-06-17,108.1
2011-06-20,107.25
2011-06-21,105.48
2011-06-22,102.4
2011-06-23,101.81
2011-06-24,96.64
2011-06-27,92.78
2011-06-28,93.08
2011-06-29,97.73
2011-06-30,100.38
2011-07-01,101.69
2011-07-04,101.77
2011-07-05,99.81
2011-07-06,104.59
2011-07-07,103.62
2011-07-08,104.79
2011-07-11,101.74
2011-07-12,90.97
2011-07-13,89.31
2011-07-14,89.29
2011-07-15,94.0
2011-07-18,95.01
2011-07-19,96.4
2011-07-20,103.75
2011-07-21,103.82
2011-07-22,108.31
2011-07-25,108.74
2011-07-26,110.99
2011-07-27,111.66
2011-07-28,114.53
2011-07-29,111.77
2011-08-01,109.07
2011-08-02,104.77
2011-08-03,93.95
2011-08-04,84.15
2011-08-05,63.36
2011-08-08,53.15
2011-08-09,54.75
2011-08-10,55.72
2011-08-11,60.57
2011-08-12,62.37
2011-08-15,65.77
2011-08-16,66.39
2011-08-17,64.16
2011-08-18,84.45
2011-08-19,85.93
2011-08-22,90.65
2011-08-23,94.56
2011-08-24,93.25
2011-08-25,92.6
2011-08-26,91.46
2011-08-29,91.75
2011-08-30,90.95
2011-08-31,88.54
2011-09-01,92.81
2011-09-02,91.59
2011-09-05,86.9
2011-09-06,84.7
2011-09-07,84.99
2011-09-08,86.99
2011-09-09,84.27
2011-09-13,79.34
2011-09-14,77.32
2011-09-15,78.85
2011-09-16,88.46
2011-09-19,89.05
2011-09-20,89.95
2011-09-21,105.79
2011-09-22,107.5
2011-09-23,97.79
2011-09-26,91.62
2011-09-27,93.02
2011-09-28,95.89
2011-09-29,98.97
2011-09-30,103.81
2011-10-03,98.07
2011-10-04,97.68
2011-10-05,96.74
2011-10-06,98.01
2011-10-07,99.28
2011-10-11,105.53
2011-10-12,104.57
2011-10-13,104.31
2011-10-14,104.45
2011-10-17,104.51
2011-10-18,101.94
2011-10-19,100.41
2011-10-20,82.32
2011-10-21,82.19
2011-10-24,89.59
2011-10-25,89.06
2011-10-26,91.45
2011-10-27,92.92
2011-10-28,94.53
2011-10-31,92.03
2011-11-01,91.95
2011-11-02,91.05
2011-11-03,89.79
2011-11-04,92.03
2011-11-07,92.59
2011-11-08,93.33
2011-11-09,94.12
2011-11-10,81.8
2011-11-11,80.71
2011-11-14,87.64
2011-11-15,87.08
2011-11-16,87.53
2011-11-17,86.6
2011-11-18,84.84
2011-11-21,78.02
2011-11-22,79.98
2011-11-23,74.74
2011-11-24,71.76
2011-11-25,70.32
2011-11-28,69.84
2011-11-29,68.95
2011-11-30,68.93
2011-12-01,76.03
2011-12-02,77.24
2011-12-05,76.15
2011-12-06,72.73
2011-12-07,72.49
2011-12-08,71.72
2011-12-09,69.05
2011-12-12,69.77
2011-12-13,69.07
2011-12-14,70.37
2011-12-15,66.15
2011-12-16,65.44
2011-12-19,61.37
2011-12-20,61.78
2011-12-21,77.26
2011-12-22,75.72
2011-12-23,77.8
2011-12-26,77.64
2011-12-27,77.19
2011-12-28,79.07
2011-12-29,79.44
2011-12-30,81.63
2012-01-02,81.42
2012-01-03,86.49
2012-01-04,92.31
2012-01-05,95.07
2012-01-06,97.77
2012-01-09,98.93
2012-01-10,104.34
2012-01-11,103.86
2012-01-12,104.03
2012-01-13,103.54
2012-01-16,100.75
2012-01-17,104.09
2012-01-18,105.47
2012-01-30,108.99
2012-01-31,106.33
2012-02-01,111.46
2012-02-02,116.71
2012-02-03,117.45
2012-02-04,123.25
2012-02-06,120.23
2012-02-07,120.54
2012-02-08,127.94
2012-02-09,131.71
2012-02-10,131.42
2012-02-13,131.52
2012-02-14,125.91
2012-02-15,101.24
2012-02-16,102.21
2012-02-17,101.12
2012-02-20,101.14
2012-02-21,101.88
2012-02-22,105.13
2012-02-23,101.53
2012-02-24,102.97
2012-02-29,109.59
2012-03-01,112.1
2012-03-02,109.45
2012-03-03,108.72
2012-03-05,105.72
2012-03-06,100.55
2012-03-07,101.23
2012-03-08,105.68
2012-03-09,105.47
2012-03-12,102.36
2012-03-13,103.96
2012-03-14,109.23
2012-03-15,110.46
2012-03-16,107.81
2012-03-19,106.23
2012-03-20,102.42
2012-03-21,112.05
2012-03-22,112.04
2012-03-23,106.83
2012-03-26,104.02
2012-03-27,105.94
2012-03-28,105.66
2012-03-29,102.98
2012-03-30,100.06
2012-04-02,99.11
2012-04-03,91.58
2012-04-05,83.46
2012-04-06,86.74
2012-04-09,85.86
2012-04-10,83.85
2012-04-11,83.21
2012-04-12,82.07
2012-04-13,84.88
2012-04-16,83.38
2012-04-17,77.22
2012-04-18,111.52
2012-04-19,111.49
2012-04-20,108.44
2012-04-23,101.41
2012-04-24,105.05
2012-04-25,108.67
2012-04-26,109.68
2012-04-27,106.31
2012-04-30,103.35
2012-05-02,109.42
2012-05-03,110.18
2012-05-04,113.07
2012-05-07,100.7
2012-05-08,96.81
2012-05-09,89.97
2012-05-10,87.02
2012-05-11,84.53
2012-05-14,83.25
2012-05-15,83.69
2012-05-16,111.42
2012-05-17,111.31
2012-05-18,108.8
2012-05-21,102.69
2012-05-22,105.17
2012-05-23,105.32
2012-05-24,105.77
2012-05-25,105.26
2012-05-28,107.77
2012-05-29,117.34
2012-05-30,115.72
2012-05-31,113.1
2012-06-01,111.35
2012-06-04,98.2
2012-06-05,99.79
2012-06-06,104.63
2012-06-07,105.01
2012-06-08,104.24
2012-06-11,105.16
2012-06-12,102.59
2012-06-13,104.8
2012-06-14,104.22
2012-06-15,107.43
2012-06-18,114.49
2012-06-19,114.45
2012-06-20,101.59
2012-06-21,104.66
2012-06-22,104.65
2012-06-25,101.68
2012-06-26,97.34
2012-06-27,100.03
2012-06-28,101.25
2012-06-29,105.81
2012-07-02,108.34
2012-07-03,113.75
2012-07-04,117.37
2012-07-05,116.32
2012-07-06,112.38
2012-07-09,108.0
2012-07-10,103.26
2012-07-11,102.69
2012-07-12,90.13
2012-07-13,88.93
2012-07-16,85.74
2012-07-17,90.65
2012-07-18,98.08
2012-07-19,98.39
2012-07-20,99.8
2012-07-23,93.18
2012-07-24,93.62
2012-07-25,92.4
2012-07-26,92.66
2012-07-27,98.35
2012-07-30,100.52
2012-07-31,108.89
2012-08-01,113.64
2012-08-03,105.05
2012-08-06,106.12
2012-08-07,102.79
2012-08-08,105.01
2012-08-09,115.8
2012-08-10,115.72
2012-08-13,112.97
2012-08-14,118.1
2012-08-15,97.78
2012-08-16,97.27
2012-08-17,97.43
2012-08-20,98.13
2012-08-21,99.13
2012-08-22,99.24
2012-08-23,100.33
2012-08-24,99.13
2012-08-27,98.84
2012-08-28,94.1
2012-08-29,95.42
2012-08-30,95.68
2012-08-31,97.07
2012-09-03,97.94
2012-09-04,98.21
2012-09-05,94.77
2012-09-06,93.24
2012-09-07,94.33
2012-09-10,100.3
2012-09-11,103.32
2012-09-12,107.32
2012-09-13,105.61
2012-09-14,121.53
2012-09-17,126.02
2012-09-18,130.02
2012-09-19,111.52
2012-09-20,110.41
2012-09-21,107.82
2012-09-24,107.83
2012-09-25,106.5
2012-09-26,102.46
2012-09-27,101.89
2012-09-28,99.17
2012-10-01,100.76
2012-10-02,101.82
2012-10-03,99.93
2012-10-04,94.36
2012-10-05,94.42
2012-10-08,91.57
2012-10-09,91.47
2012-10-11,79.92
2012-10-12,74.93
2012-10-15,74.07
2012-10-16,76.15
2012-10-17,96.33
2012-10-18,94.16
2012-10-19,92.98
2012-10-22,90.81
2012-10-23,90.11
2012-10-24,89.75
2012-10-25,88.62
2012-10-26,84.58
2012-10-29,86.63
2012-10-30,88.91
2012-10-31,89.44
2012-11-01,82.05
2012-11-02,82.04
2012-11-05,81.32
2012-11-06,82.71
2012-11-07,84.98
2012-11-08,84.91
2012-11-09,88.3
2012-11-12,88.14
2012-11-13,81.9
2012-11-14,82.0
2012-11-15,80.17
2012-11-16,80.52
2012-11-19,79.82
2012-11-20,81.9
2012-11-21,103.76
2012-11-22,104.73
2012-11-23,109.01
2012-11-26,110.8
2012-11-27,112.96
2012-11-28,113.44
2012-11-29,121.16
2012-11-30,125.4
2012-12-03,125.67
2012-12-04,125.36
2012-12-05,127.92
2012-12-06,128.03
2012-12-07,129.99
2012-12-10,125.59
2012-12-11,125.56
2012-12-12,133.17
2012-12-13,135.7
2012-12-14,129.21
2012-12-17,120.5
2012-12-18,119.34
2012-12-19,106.31
2012-12-20,100.06
2012-12-21,96.17
2012-12-22,96.86
2012-12-24,98.05
2012-12-25,104.67
2012-12-26,102.04
2012-12-27,100.64
2012-12-28,101.96
2013-01-02,108.43
2013-01-03,113.14
2013-01-04,110.68
2013-01-07,107.12
2013-01-08,102.37
2013-01-09,107.4
2013-01-10,112.24
2013-01-11,112.0
2013-01-14,112.49
2013-01-15,106.82
2013-01-16,102.75
2013-01-17,95.34
2013-01-18,98.26
2013-01-21,98.93
2013-01-22,104.8
2013-01-23,103.42
2013-01-24,98.18
2013-01-25,93.69
2013-01-28,99.88
2013-01-29,109.21
2013-01-30,113.01
2013-01-31,107.24
2013-02-01,107.16
2013-02-04,109.03
2013-02-05,103.32
2013-02-06,105.59
2013-02-18,110.49
2013-02-19,113.57
2013-02-20,109.91
2013-02-21,110.49
2013-02-22,111.38
2013-02-23,111.67
2013-02-25,108.48
2013-02-26,105.74
2013-02-27,114.78
2013-03-01,116.54
2013-03-04,109.88
2013-03-05,111.89
2013-03-06,108.66
2013-03-07,107.22
2013-03-08,114.64
2013-03-11,117.87
2013-03-12,111.32
2013-03-13,110.0
2013-03-14,104.94
2013-03-15,101.72
2013-03-18,91.03
2013-03-19,92.66
2013-03-20,90.87
2013-03-21,95.72
2013-03-22,97.9
2013-03-25,105.0
2013-03-26,111.64
2013-03-27,105.98
2013-03-28,107.23
2013-03-29,117.66
2013-04-01,116.27
2013-04-02,114.85
2013-04-03,109.95
2013-04-08,92.39
2013-04-09,89.41
2013-04-10,93.19
2013-04-11,104.35
2013-04-12,103.42
2013-04-15,99.93
2013-04-16,100.5
2013-04-17,102.96
2013-04-18,112.63
2013-04-19,125.3
2013-04-22,125.14
2013-04-23,124.87
2013-04-24,120.75
2013-04-25,119.67
2013-04-26,124.57
2013-04-29,125.28
2013-04-30,130.83
2013-05-02,127.19
2013-05-03,129.54
2013-05-06,131.44
2013-05-07,124.81
2013-05-08,133.61
2013-05-09,143.27
2013-05-10,134.12
2013-05-13,127.53
2013-05-14,128.29
2013-05-15,89.42
2013-05-16,95.39
2013-05-17,96.9
2013-05-20,96.88
2013-05-21,101.13
2013-05-22,99.97
2013-05-23,92.25
2013-05-24,92.14
2013-05-27,98.13
2013-05-28,98.73
2013-05-29,113.93
2013-05-30,102.22
2013-05-31,101.76
2013-06-03,98.6
2013-06-04,96.15
2013-06-05,99.08
2013-06-06,93.52
2013-06-07,93.71
2013-06-10,98.17
2013-06-11,97.2
2013-06-13,83.42
2013-06-14,79.91
2013-06-17,82.75
2013-06-18,85.59
2013-06-19,97.17
2013-06-20,91.01
2013-06-21,89.48
2013-06-24,89.12
2013-06-25,86.13
2013-06-26,89.34
2013-06-27,93.48
2013-06-28,103.27
2013-07-01,114.0
2013-07-02,113.54
2013-07-03,100.0
2013-07-04,99.16
2013-07-05,109.96
2013-07-08,99.3
2013-07-09,106.91
2013-07-10,111.09
2013-07-11,141.8
2013-07-12,146.76
2013-07-15,154.73
2013-07-16,154.67
2013-07-17,114.66
2013-07-18,114.65
2013-07-19,97.41
2013-07-22,99.76
2013-07-23,109.26
2013-07-24,102.7
2013-07-25,103.84
2013-07-26,102.04
2013-07-29,94.05
2013-07-30,102.18
2013-07-31,98.12
2013-08-01,93.17
2013-08-02,93.96
2013-08-05,97.27
2013-08-06,88.22
2013-08-07,82.58
2013-08-08,79.32
2013-08-09,75.84
2013-08-12,79.2
2013-08-13,85.68
2013-08-14,79.14
2013-08-15,76.22
2013-08-16,79.07
2013-08-19,78.64
2013-08-20,74.87
2013-08-22,99.9
2013-08-23,103.6
2013-08-26,109.31
2013-08-27,103.69
2013-08-28,104.03
2013-08-29,113.45
2013-08-30,118.6
2013-09-02,124.86
2013-09-03,126.36
2013-09-04,115.46
2013-09-05,122.77
2013-09-06,128.45
2013-09-09,128.45
2013-09-10,135.03
2013-09-11,133.94
2013-09-12,134.41
2013-09-13,134.32
2013-09-14,134.45
2013-09-16,143.19
2013-09-17,140.83
2013-09-18,99.61
2013-09-23,105.98
2013-09-24,109.86
2013-09-25,109.68
2013-09-26,104.42
2013-09-27,107.6
2013-09-30,106.2
2013-10-01,109.53
2013-10-02,112.97
2013-10-03,123.39
2013-10-04,121.09
2013-10-07,116.57
2013-10-08,120.54
2013-10-09,118.92
2013-10-11,120.33
2013-10-14,116.24
2013-10-15,114.6
2013-10-16,104.3
2013-10-17,105.11
2013-10-18,105.09
2013-10-21,104.02
2013-10-22,103.66
2013-10-23,98.84
2013-10-24,101.65
2013-10-25,100.57
2013-10-28,105.74
2013-10-29,107.86
2013-10-30,107.64
2013-10-31,107.88
2013-11-01,105.68
2013-11-04,100.32
2013-11-05,94.5
2013-11-06,98.87
2013-11-07,98.44
2013-11-08,96.91
2013-11-11,91.13
2013-11-12,90.01
2013-11-13,85.23
2013-11-14,83.27
2013-11-15,86.22
2013-11-18,87.86
2013-11-19,92.79
2013-11-20,105.1
2013-11-21,92.79
2013-11-22,95.61
2013-11-25,102.24
2013-11-26,108.26
2013-11-27,103.78
2013-11-28,109.38
2013-11-29,112.85
2013-12-02,111.22
2013-12-03,109.52
2013-12-04,107.91
2013-12-05,104.32
2013-12-06,106.32
2013-12-09,113.4
2013-12-10,111.39
2013-12-11,109.06
2013-12-12,108.03
2013-12-13,113.94
2013-12-16,110.04
2013-12-17,113.1
2013-12-18,115.03
2013-12-19,110.82
2013-12-20,114.41
2013-12-23,117.77
2013-12-24,116.32
2013-12-25,114.14
2013-12-26,114.55
2013-12-27,115.29
2013-12-30,122.27
2013-12-31,121.37
2014-01-02,114.98
2014-01-03,107.53
2014-01-06,103.31
2014-01-07,104.49
2014-01-08,110.3
2014-01-09,105.62
2014-01-10,106.32
2014-01-13,111.35
2014-01-14,111.55
2014-01-15,107.68
2014-01-16,103.88
2014-01-17,105.14
2014-01-20,106.26
2014-01-21,104.85
2014-01-22,104.51
2014-01-23,105.55
2014-01-24,102.98
2014-01-27,93.23
2014-02-05,85.17
2014-02-06,84.67
2014-02-07,89.2
2014-02-10,92.15
2014-02-11,94.94
2014-02-12,93.91
2014-02-13,94.97
2014-02-14,102.87
2014-02-17,103.27
2014-02-18,107.17
2014-02-19,121.6
2014-02-20,115.3
2014-02-21,120.11
2014-02-24,121.6
2014-02-25,121.0
2014-02-26,123.91
2014-02-27,122.87
2014-03-03,119.07
2014-03-04,116.64
2014-03-05,125.06
2014-03-06,129.82
2014-03-07,128.33
2014-03-10,127.71
2014-03-11,128.64
2014-03-12,123.52
2014-03-13,130.18
2014-03-14,127.22
2014-03-17,128.94
2014-03-18,133.28
2014-03-19,113.2
2014-03-20,112.76
2014-03-21,111.88
2014-03-24,112.02
2014-03-25,121.35
2014-03-26,122.0
2014-03-27,124.42
2014-03-28,127.92
2014-03-31,131.06
2014-04-01,137.81
2014-04-02,132.32
2014-04-03,130.62
2014-04-07,132.0
2014-04-08,134.09
2014-04-09,140.66
2014-04-10,141.02
2014-04-11,137.85
2014-04-14,136.39
2014-04-15,141.69
2014-04-16,113.83
2014-04-17,121.42
2014-04-18,123.39
2014-04-21,125.04
2014-04-22,126.11
2014-04-23,125.56
2014-04-24,125.93
2014-04-25,111.62
2014-04-28,113.66
2014-04-29,121.32
2014-04-30,123.92
2014-05-02,128.84
2014-05-05,129.78
2014-05-06,134.19
2014-05-07,127.93
2014-05-08,133.63
2014-05-09,129.25
2014-05-12,122.7
2014-05-13,122.81
2014-05-14,130.66
2014-05-15,129.57
2014-05-16,129.28
2014-05-19,129.67
2014-05-20,133.23
2014-05-21,122.78
2014-05-22,127.53
2014-05-23,131.82
2014-05-26,132.55
2014-05-27,133.22
2014-05-28,130.19
2014-05-29,133.16
2014-05-30,131.75
2014-06-03,130.05
2014-06-04,138.64
2014-06-05,138.08
2014-06-06,141.2
2014-06-09,143.11
2014-06-10,155.24
2014-06-11,153.58
2014-06-12,155.62
2014-06-13,154.13
2014-06-16,155.09
2014-06-17,165.78
2014-06-18,127.76
2014-06-19,133.78
2014-06-20,128.36
2014-06-23,124.52
2014-06-24,125.94
2014-06-25,130.9
2014-06-26,140.18
2014-06-27,136.66
2014-06-30,145.21
2014-07-01,153.34
2014-07-02,145.35
2014-07-03,148.1
2014-07-04,143.82
2014-07-07,142.99
2014-07-08,147.81
2014-07-09,151.66
2014-07-10,159.72
2014-07-11,151.5
2014-07-14,156.56
2014-07-15,159.31
2014-07-16,126.53
2014-07-17,119.44
2014-07-18,114.91
2014-07-21,117.49
2014-07-22,125.25
2014-07-24,123.25
2014-07-25,118.71
2014-07-28,120.03
2014-07-29,114.27
2014-07-30,126.19
2014-07-31,117.15
2014-08-01,109.05
2014-08-04,109.79
2014-08-05,94.36
2014-08-06,95.45
2014-08-07,94.39
2014-08-08,91.63
2014-08-11,96.59
2014-08-12,95.96
2014-08-13,100.86
2014-08-14,101.33
2014-08-15,101.58
2014-08-18,96.6
2014-08-19,106.98
2014-08-20,122.64
2014-08-21,114.11
2014-08-22,131.46
2014-08-25,131.4
2014-08-26,131.52
2014-08-27,134.45
2014-08-28,132.58
2014-08-29,126.4
2014-09-01,130.14
2014-09-02,110.51
2014-09-03,119.05
2014-09-04,115.78
2014-09-05,112.07
2014-09-09,113.55
2014-09-10,107.68
2014-09-11,104.22
2014-09-12,94.09
2014-09-15,90.85
2014-09-16,84.07
2014-09-17,87.49
2014-09-18,89.07
2014-09-19,92.21
2014-09-22,84.65
2014-09-23,83.85
2014-09-24,88.2
2014-09-25,80.85
2014-09-26,79.89
2014-09-29,78.27
2014-09-30,77.84
2014-10-01,80.72
2014-10-02,85.48
2014-10-03,94.9
2014-10-06,94.55
2014-10-07,89.12
2014-10-08,86.37
2014-10-09,84.3
2014-10-13,71.82
2014-10-14,72.74
2014-10-15,92.59
2014-10-16,91.46
2014-10-17,86.71
2014-10-20,92.19
2014-10-21,92.8
2014-10-22,99.58
2014-10-23,102.03
2014-10-24,95.54
2014-10-27,96.27
2014-10-28,108.14
2014-10-29,109.3
2014-10-30,107.2
2014-10-31,114.72
2014-11-03,117.33
2014-11-04,119.32
2014-11-05,113.53
2014-11-06,105.52
2014-11-07,105.28
2014-11-10,116.62
2014-11-11,114.51
2014-11-12,102.89
2014-11-13,105.67
2014-11-14,106.71
2014-11-17,105.82
2014-11-18,99.64
2014-11-19,104.76
2014-11-20,118.11
2014-11-21,113.9
2014-11-24,116.07
2014-11-25,117.06
2014-11-26,117.52
2014-11-27,123.23
2014-11-28,125.02
2014-12-01,115.38
2014-12-02,105.91
2014-12-03,122.47
2014-12-04,122.39
2014-12-05,120.79
2014-12-08,117.37
2014-12-09,111.03
2014-12-10,104.64
2014-12-11,105.84
2014-12-12,107.16
2014-12-15,103.45
2014-12-16,101.15
2014-12-17,98.62
2014-12-18,101.38
2014-12-19,111.57
2014-12-22,120.0
2014-12-23,122.51
2014-12-24,118.11
2014-12-25,116.92
2014-12-26,114.87
2014-12-27,115.84
2014-12-29,123.69
2014-12-30,118.23
2014-12-31,120.06
2015-01-05,121.96
2015-01-06,100.04
2015-01-07,113.31
2015-01-08,128.33
2015-01-09,124.67
2015-01-12,122.44
2015-01-13,125.51
2015-01-14,128.92
2015-01-15,124.8
2015-01-16,121.15
2015-01-19,121.61
2015-01-20,131.68
2015-01-21,117.87
2015-01-22,124.8
2015-01-23,125.25
2015-01-26,126.46
2015-01-27,126.24
2015-01-28,121.25
2015-01-29,114.61
2015-01-30,111.52
2015-02-02,111.26
2015-02-03,114.11
2015-02-04,122.57
2015-02-05,120.26
2015-02-06,111.83
2015-02-09,110.24
2015-02-10,105.82
2015-02-11,120.46
2015-02-12,119.78
2015-02-13,124.76
2015-02-24,124.26
2015-02-25,127.52
2015-02-26,118.9
2015-03-02,114.67
2015-03-03,113.38
2015-03-04,116.7
2015-03-05,115.09
2015-03-06,116.56
2015-03-09,110.99
2015-03-10,105.0
2015-03-11,108.26
2015-03-12,114.34
2015-03-13,113.85
2015-03-16,108.37
2015-03-17,111.75
2015-03-18,113.17
2015-03-19,120.36
2015-03-20,119.28
2015-03-23,120.5
2015-03-24,117.87
2015-03-25,114.7
2015-03-26,109.27
2015-03-27,102.13
2015-03-30,100.84
2015-03-31,102.61
2015-04-01,106.72
2015-04-02,112.08
2015-04-07,114.55
2015-04-08,110.86
2015-04-09,107.45
2015-04-10,111.04
2015-04-13,111.51
2015-04-14,111.38
2015-04-15,106.02
2015-04-16,110.14
2015-04-17,104.61
2015-04-20,105.72
2015-04-21,103.27
2015-04-22,105.45
2015-04-23,113.64
2015-04-24,114.21
2015-04-27,116.51
2015-04-28,114.22
2015-04-29,106.86
2015-04-30,100.56
2015-05-04,101.01
2015-05-05,97.9
2015-05-06,104.66
2015-05-07,96.89
2015-05-08,92.54
2015-05-11,90.14
2015-05-12,88.51
2015-05-13,94.22
2015-05-14,85.28
2015-05-15,81.29
2015-05-18,78.36
2015-05-19,84.57
2015-05-20,87.97
2015-05-21,82.42
2015-05-22,87.85
2015-05-25,87.4
2015-05-26,91.32
2015-05-27,90.75
2015-05-28,95.22
2015-05-29,91.87
2015-06-01,84.33
2015-06-02,82.56
2015-06-03,81.35
2015-06-04,71.39
2015-06-05,72.3
2015-06-08,74.19
2015-06-09,69.69
2015-06-10,75.25
2015-06-11,75.22
2015-06-12,76.59
2015-06-15,75.52
2015-06-16,72.51
2015-06-17,73.68
2015-06-18,75.82
2015-06-22,88.99
2015-06-23,92.42
2015-06-24,84.1
2015-06-25,90.23
2015-06-26,89.61
2015-06-29,80.33
2015-06-30,84.1
2015-07-01,89.15
2015-07-02,85.8
2015-07-03,88.46
2015-07-06,84.89
2015-07-07,86.28
2015-07-08,73.05
2015-07-09,68.52
2015-07-13,73.04
2015-07-14,73.8
2015-07-15,81.94
2015-07-16,85.02
2015-07-17,85.45
2015-07-20,82.79
2015-07-21,87.32
2015-07-22,85.93
2015-07-23,77.17
2015-07-24,74.44
2015-07-27,67.71
2015-07-28,68.52
2015-07-29,71.11
2015-07-30,77.38
2015-07-31,76.11
2015-08-03,72.1
2015-08-04,73.18
2015-08-05,72.13
2015-08-06,67.39
2015-08-07,68.1
2015-08-10,70.38
2015-08-11,69.85
2015-08-12,64.48
2015-08-13,64.24
2015-08-14,64.75
2015-08-17,60.46
2015-08-18,55.37
2015-08-19,66.4
2015-08-20,65.45
2015-08-21,61.81
2015-08-24,50.17
2015-08-25,58.89
2015-08-26,62.31
2015-08-27,65.96
2015-08-28,81.76
2015-08-31,91.28
2015-09-01,92.66
2015-09-02,83.43
2015-09-03,86.34
2015-09-04,87.51
2015-09-07,88.42
2015-09-08,88.79
2015-09-09,102.57
2015-09-10,104.45
2015-09-11,106.52
2015-09-14,103.43
2015-09-15,101.9
2015-09-16,89.35
2015-09-17,102.23
2015-09-18,111.26
2015-09-21,103.23
2015-09-22,106.89
2015-09-23,99.72
2015-09-24,98.37
2015-09-25,100.07
2015-09-30,100.97
2015-10-01,118.84
2015-10-02,122.9
2015-10-05,121.59
2015-10-06,122.96
2015-10-07,122.68
2015-10-08,121.67
2015-10-12,130.75
2015-10-13,130.82
2015-10-14,130.85
2015-10-15,141.0
2015-10-16,138.94
2015-10-19,138.05
2015-10-20,143.03
2015-10-21,101.19
2015-10-22,105.89
2015-10-23,107.25
2015-10-26,110.28
2015-10-27,106.02
2015-10-28,100.31
2015-10-29,93.01
2015-10-30,92.45
2015-11-02,94.72
2015-11-03,111.09
2015-11-04,117.96
2015-11-05,116.0
2015-11-06,99.87
2015-11-09,91.68
2015-11-10,86.11
2015-11-11,82.88
2015-11-12,81.58
2015-11-13,80.51
2015-11-16,77.27
2015-11-17,82.94
2015-11-18,88.07
2015-11-19,98.46
2015-11-20,101.39
2015-11-23,107.23
2015-11-24,98.29
2015-11-25,93.5
2015-11-26,103.65
2015-11-27,96.31
2015-11-30,85.42
2015-12-01,95.1
2015-12-02,96.11
2015-12-03,98.31
2015-12-04,96.44
2015-12-07,103.22
2015-12-08,94.0
2015-12-09,90.74
2015-12-10,86.67
2015-12-11,82.78
2015-12-14,81.47
2015-12-15,83.51
2015-12-16,102.86
2015-12-17,111.21
2015-12-18,112.2
2015-12-21,111.1
2015-12-22,108.3
2015-12-23,104.92
2015-12-24,108.37
2015-12-25,113.37
2015-12-28,111.95
2015-12-29,103.15
2015-12-30,105.69
2015-12-31,111.95
2016-01-04,95.65
2016-01-05,92.51
2016-01-06,96.74
2016-01-07,84.77
2016-01-08,87.87
2016-01-11,83.59
2016-01-12,82.83
2016-01-13,86.86
2016-01-14,86.98
2016-01-15,86.93
2016-01-18,88.21
2016-01-19,93.26
2016-01-20,93.74
2016-01-21,99.49
2016-01-22,110.64
2016-01-25,121.56
2016-01-26,116.32
2016-01-27,107.14
2016-01-28,117.48
2016-01-29,138.83
2016-01-30,151.8
2016-02-01,141.06
2016-02-02,134.91
2016-02-03,124.97
2016-02-15,122.91
2016-02-16,139.14
2016-02-17,110.22
2016-02-18,126.36
2016-02-19,134.68
2016-02-22,128.92
2016-02-23,129.08
2016-02-24,116.08
2016-02-25,133.78
2016-02-26,135.9
2016-03-01,147.23
2016-03-02,142.6
2016-03-03,150.05
2016-03-04,153.18
2016-03-07,155.92
2016-03-08,156.11
2016-03-09,146.64
2016-03-10,158.0
2016-03-11,166.19
2016-03-14,165.42
2016-03-15,143.52
2016-03-16,132.48
2016-03-17,130.71
2016-03-18,140.7
2016-03-21,135.48
2016-03-22,131.22
2016-03-23,130.22
2016-03-24,128.83
2016-03-25,121.32
2016-03-28,115.94
2016-03-29,104.05
2016-03-30,127.08
2016-03-31,120.11
2016-04-01,110.15
2016-04-06,108.7
2016-04-07,106.06
2016-04-08,112.16
2016-04-11,113.73
2016-04-12,116.91
2016-04-13,126.31
2016-04-14,124.33
2016-04-15,130.96
2016-04-18,125.16
2016-04-19,118.59
2016-04-20,117.56
2016-04-21,122.75
2016-04-22,125.06
2016-04-25,128.19
2016-04-26,135.23
2016-04-27,125.6
2016-04-28,104.87
2016-04-29,95.6
2016-05-03,87.29
2016-05-04,90.04
2016-05-05,88.6
2016-05-06,87.01
2016-05-09,86.35
2016-05-10,90.08
2016-05-11,86.51
2016-05-12,89.78
2016-05-13,81.86
2016-05-16,86.96
2016-05-17,94.25
2016-05-18,122.1
2016-05-19,117.9
2016-05-20,129.19
2016-05-23,158.51
2016-05-24,146.7
2016-05-25,129.38
2016-05-26,132.1
2016-05-27,139.38
2016-05-30,147.28
2016-05-31,142.24
2016-06-01,147.12
2016-06-02,144.56
2016-06-03,144.61
2016-06-04,145.31
2016-06-06,144.34
2016-06-07,160.1
2016-06-08,168.26
2016-06-13,145.41
2016-06-14,154.87
2016-06-15,116.8
2016-06-16,112.65
2016-06-17,130.45
2016-06-20,140.56
2016-06-21,144.24
2016-06-22,133.35
2016-06-23,129.25
2016-06-24,109.72
2016-06-27,119.82
2016-06-28,125.92
2016-06-29,141.39
2016-06-30,148.35
2016-07-01,163.0
2016-07-04,167.36
2016-07-05,164.61
2016-07-06,137.35
2016-07-07,147.07
2016-07-11,171.36
2016-07-12,184.68
2016-07-13,168.32
2016-07-14,171.5
2016-07-15,186.89
2016-07-18,194.2
2016-07-19,183.58
2016-07-20,113.83
2016-07-21,113.15
2016-07-22,109.51
2016-07-25,98.25
2016-07-26,107.28
2016-07-27,109.88
2016-07-28,111.93
2016-07-29,107.41
2016-08-01,115.84
2016-08-02,114.99
2016-08-03,111.65
2016-08-04,109.47
2016-08-05,118.94
2016-08-08,121.87
2016-08-09,123.97
2016-08-10,126.6
2016-08-11,117.29
2016-08-12,123.18
2016-08-15,122.1
2016-08-16,116.34
2016-08-17,113.3
2016-08-18,116.14
2016-08-19,107.27
2016-08-22,99.29
2016-08-23,109.48
2016-08-24,119.22
2016-08-25,132.91
2016-08-26,132.89
2016-08-29,122.11
2016-08-30,121.77
2016-08-31,119.13
2016-09-01,115.12
2016-09-02,117.83
2016-09-05,137.96
2016-09-06,152.59
2016-09-07,149.63
2016-09-08,149.05
2016-09-09,128.7
2016-09-10,114.27
2016-09-12,106.71
2016-09-13,102.84
2016-09-14,119.75
2016-09-19,146.29
2016-09-20,149.58
2016-09-21,123.11
2016-09-22,123.29
2016-09-23,134.41
2016-09-26,124.98
2016-09-29,141.45
2016-09-30,141.78
2016-10-03,152.23
2016-10-04,162.6
2016-10-05,139.18
2016-10-06,138.59
2016-10-07,144.5
2016-10-11,137.97
2016-10-12,145.26
2016-10-13,132.16
2016-10-14,128.54
2016-10-17,119.36
2016-10-18,128.57
2016-10-19,118.06
2016-10-20,132.14
2016-10-21,141.3
2016-10-24,144.8
2016-10-25,158.62
2016-10-26,131.71
2016-10-27,125.53
2016-10-28,129.87
2016-10-31,132.06
2016-11-01,126.37
2016-11-02,112.57
2016-11-03,106.67
2016-11-04,106.39
2016-11-07,113.18
2016-11-08,119.81
2016-11-09,105.8
2016-11-10,113.32
2016-11-11,96.01
2016-11-14,90.81
2016-11-15,93.47
2016-11-16,116.21
2016-11-17,122.21
2016-11-18,127.91
2016-11-21,131.37
2016-11-22,147.47
2016-11-23,129.05
2016-11-24,129.53
2016-11-25,135.58
2016-11-28,142.2
2016-11-29,138.59
2016-11-30,132.7
2016-12-01,140.52
2016-12-02,128.32
2016-12-05,128.11
2016-12-06,145.17
2016-12-07,142.51
2016-12-08,157.16
2016-12-09,165.44
2016-12-12,161.62
2016-12-13,160.76
2016-12-14,152.71
2016-12-15,152.07
2016-12-16,149.12
2016-12-19,140.03
2016-12-20,130.93
2016-12-21,102.84
2016-12-22,96.65
2016-12-23,91.61
2016-12-26,92.41
2016-12-27,93.8
2016-12-28,111.2
2016-12-29,114.18
2016-12-30,118.18
2017-01-03,113.94
2017-01-04,113.79
2017-01-05,119.21
2017-01-06,120.61
2017-01-09,113.61
2017-01-10,112.87
2017-01-11,114.88
2017-01-12,118.42
2017-01-13,119.23
2017-01-16,104.61
2017-01-17,112.56
2017-01-18,114.46
2017-01-19,111.64
2017-01-20,126.58
2017-01-23,131.37
2017-01-24,132.69
2017-02-02,109.28
2017-02-03,115.51
2017-02-06,137.28
2017-02-07,144.19
2017-02-08,132.53
2017-02-09,142.77
2017-02-10,158.05
2017-02-13,161.62
2017-02-14,172.98
2017-02-15,137.58
2017-02-16,135.72
2017-02-17,137.42
2017-02-18,134.7
2017-02-20,128.96
2017-02-21,123.62
2017-02-22,129.45
2017-02-23,136.59
2017-02-24,138.86
2017-03-01,127.05
2017-03-02,122.38
2017-03-03,116.24
2017-03-06,120.14
2017-03-07,129.24
2017-03-08,133.74
2017-03-09,125.69
2017-03-10,121.21
2017-03-13,128.36
2017-03-14,138.22
2017-03-15,128.83
2017-03-16,144.24
2017-03-17,148.69
2017-03-20,149.65
2017-03-21,150.17
2017-03-22,124.59
2017-03-23,126.51
2017-03-24,128.34
2017-03-27,130.76
2017-03-28,119.31
2017-03-29,119.68
2017-03-30,129.97
2017-03-31,126.81
2017-04-05,123.71
2017-04-06,130.37
2017-04-07,121.88
2017-04-10,125.71
2017-04-11,121.19
2017-04-12,121.71
2017-04-13,127.89
2017-04-14,118.74
2017-04-17,113.35
2017-04-18,112.15
2017-04-19,114.24
2017-04-20,114.6
2017-04-21,130.63
2017-04-24,128.82
2017-04-25,155.73
2017-04-26,129.54
2017-04-27,137.73
2017-04-28,142.85
2017-05-02,158.73
2017-05-03,145.01
2017-05-04,144.14
2017-05-05,137.28
2017-05-08,136.84
2017-05-09,135.38
2017-05-10,137.66
2017-05-11,141.86
2017-05-12,140.14
2017-05-15,143.1
2017-05-16,142.46
2017-05-17,113.2
2017-05-18,122.57
2017-05-19,126.3
2017-05-22,129.39
2017-05-23,133.43
2017-05-24,120.18
2017-05-25,132.09
2017-05-26,132.23
2017-05-31,122.39
2017-06-01,123.86
2017-06-02,131.78
2017-06-03,133.64
2017-06-05,147.21
2017-06-06,149.58
2017-06-07,135.59
2017-06-08,136.43
2017-06-09,139.44
2017-06-12,122.31
2017-06-13,120.42
2017-06-14,119.1
2017-06-15,115.85
2017-06-16,132.49
2017-06-19,144.55
2017-06-20,163.7
2017-06-21,121.35
2017-06-22,132.99
2017-06-23,138.18
2017-06-26,155.6
2017-06-27,142.09
2017-06-28,114.46
2017-06-29,117.44
2017-06-30,112.97
2017-07-03,112.38
2017-07-04,107.33
2017-07-05,120.89
2017-07-06,116.17
2017-07-07,110.15
2017-07-10,109.36
2017-07-11,125.8
2017-07-12,123.72
2017-07-13,131.68
2017-07-14,131.18
2017-07-17,134.31
2017-07-18,136.62
2017-07-19,129.63
2017-07-20,137.02
2017-07-21,126.75
2017-07-24,127.67
2017-07-25,125.15
2017-07-26,122.75
2017-07-27,139.36
2017-07-28,123.74
2017-07-31,119.56
2017-08-01,129.46
2017-08-02,134.87
2017-08-03,128.24
2017-08-04,133.03
2017-08-07,153.29
2017-08-08,147.2
2017-08-09,127.26
2017-08-10,117.5
2017-08-11,119.55
2017-08-14,115.95
2017-08-15,121.11
2017-08-16,153.36
2017-08-17,163.99
2017-08-18,152.83
2017-08-21,155.27
2017-08-22,173.66
2017-08-23,160.27
2017-08-24,178.03
2017-08-25,186.45
2017-08-28,182.55
2017-08-29,174.39
2017-08-30,167.5
2017-08-31,171.26
2017-09-01,177.81
2017-09-04,176.41
2017-09-05,175.4
2017-09-06,171.35
2017-09-07,161.73
2017-09-08,174.56
2017-09-11,172.96
2017-09-12,180.04
2017-09-13,174.27
2017-09-14,171.27
2017-09-15,162.58
2017-09-18,175.83
2017-09-19,168.27
2017-09-20,188.25
2017-09-21,173.45
2017-09-22,149.12
2017-09-25,125.93
2017-09-26,115.03
2017-09-27,144.79
2017-09-28,133.47
2017-09-29,127.01
2017-09-30,133.39
2017-10-02,142.51
2017-10-03,146.02
2017-10-05,146.22
2017-10-06,149.83
2017-10-11,160.54
2017-10-12,172.7
2017-10-13,178.88
2017-10-16,188.13
2017-10-17,177.04
2017-10-18,171.37
2017-10-19,175.14
2017-10-20,170.1
2017-10-23,169.56
2017-10-24,170.77
2017-10-25,173.09
2017-10-26,174.19
2017-10-27,168.61
2017-10-30,173.54
2017-10-31,183.22
2017-11-01,181.18
2017-11-02,175.59
2017-11-03,174.68
2017-11-06,175.76
2017-11-07,183.67
2017-11-08,181.61
2017-11-09,166.85
2017-11-10,161.39
2017-11-13,157.98
2017-11-14,148.01
2017-11-15,170.64
2017-11-16,163.14
2017-11-17,176.2
2017-11-20,167.96
2017-11-21,191.42
2017-11-22,162.59
2017-11-23,162.8
2017-11-24,164.12
2017-11-27,147.32
2017-11-28,135.07
2017-11-29,156.33
2017-11-30,137.39
2017-12-01,137.31
2017-12-04,137.76
2017-12-05,131.45
2017-12-06,131.82
2017-12-07,126.17
2017-12-08,125.88
2017-12-11,133.01
2017-12-12,126.67
2017-12-13,140.18
2017-12-14,145.13
2017-12-15,135.06
2017-12-18,137.13
2017-12-19,130.34
2017-12-20,157.0
2017-12-21,154.25
2017-12-22,157.13
2017-12-25,161.75
2017-12-26,134.01
2017-12-27,157.73
2017-12-28,166.37
2017-12-29,180.4
2018-01-02,194.18
2018-01-03,183.92
2018-01-04,178.58
2018-01-05,184.73
2018-01-08,184.02
2018-01-09,182.98
2018-01-10,183.18
2018-01-11,175.91
2018-01-12,192.14
2018-01-15,197.02
2018-01-16,201.63
2018-01-17,154.12
2018-01-18,156.6
2018-01-19,163.35
2018-01-22,174.37
2018-01-23,170.31
2018-01-24,163.07
2018-01-25,166.23
2018-01-26,158.51
2018-01-29,149.24
2018-01-30,136.45
2018-01-31,174.69
2018-02-01,178.88
2018-02-02,168.01
2018-02-05,147.85
2018-02-06,104.55
2018-02-07,141.53
2018-02-08,136.55
2018-02-09,130.84
2018-02-12,129.34
2018-02-21,148.78
2018-02-22,132.38
2018-02-23,141.96
2018-02-26,135.37
2018-02-27,136.35
2018-03-01,146.8
2018-03-02,133.26
2018-03-05,127.63
2018-03-06,136.58
2018-03-07,144.9
2018-03-08,149.5
2018-03-09,145.93
2018-03-12,164.04
2018-03-13,173.75
2018-03-14,165.05
2018-03-15,161.14
2018-03-16,154.97
2018-03-19,159.52
2018-03-20,154.08
2018-03-21,151.19
2018-03-22,137.95
2018-03-23,120.97
2018-03-26,126.71
2018-03-27,141.38
2018-03-28,148.2
2018-03-29,145.13
2018-03-30,149.71
2018-03-31,146.96
2018-04-02,140.6
2018-04-03,135.37
2018-04-09,156.31
2018-04-10,158.38
2018-04-11,161.86
2018-04-12,159.23
2018-04-13,159.84
2018-04-16,153.98
2018-04-17,129.88
2018-04-18,140.85
2018-04-19,148.92
2018-04-20,121.89
2018-04-23,106.66
2018-04-24,94.4
2018-04-25,116.34
2018-04-26,108.9
2018-04-27,110.18
2018-04-30,126.82
2018-05-02,120.13
2018-05-03,109.42
2018-05-04,106.86
2018-05-07,111.8
2018-05-08,123.77
2018-05-09,123.46
2018-05-10,126.11
2018-05-11,139.82
2018-05-14,144.64
2018-05-15,138.19
2018-05-16,147.37
2018-05-17,133.53
2018-05-18,132.25
2018-05-21,149.25
2018-05-22,130.06
2018-05-23,137.87
2018-05-24,141.89
2018-05-25,150.21
2018-05-28,151.75
2018-05-29,139.31
2018-05-30,131.61
2018-05-31,129.89
2018-06-01,143.9
2018-06-04,165.02
2018-06-05,152.87
2018-06-06,155.99
2018-06-07,152.43
2018-06-08,135.11
2018-06-11,132.06
2018-06-12,125.38
2018-06-13,138.41
2018-06-14,123.8
2018-06-15,127.88
2018-06-19,110.74
2018-06-20,108.09
2018-06-21,104.1
2018-06-22,99.68
2018-06-25,93.35
2018-06-26,88.84
2018-06-27,90.92
2018-06-28,98.99
2018-06-29,114.53
2018-07-02,111.59
2018-07-03,106.44
2018-07-04,103.94
2018-07-05,91.77
2018-07-06,90.0
2018-07-09,101.64
2018-07-10,105.48
2018-07-11,97.05
2018-07-12,110.58
2018-07-13,118.73
2018-07-16,114.81
2018-07-17,112.53
2018-07-18,112.61
2018-07-19,120.52
2018-07-20,131.99
2018-07-23,130.34
2018-07-24,134.82
2018-07-25,122.76
2018-07-26,126.33
2018-07-27,144.2
2018-07-30,130.9
2018-07-31,136.47
2018-08-01,139.2
2018-08-02,106.07
2018-08-03,112.76
2018-08-06,120.75
2018-08-07,116.26
2018-08-08,134.28
2018-08-09,126.2
2018-08-10,123.68
2018-08-13,99.29
2018-08-14,102.87
2018-08-15,104.78
2018-08-16,107.2
2018-08-17,103.9
2018-08-20,104.96
2018-08-21,114.76
2018-08-22,112.06
2018-08-23,114.07
2018-08-24,105.56
2018-08-27,125.49
2018-08-28,131.52
2018-08-29,134.92
2018-08-30,131.42
2018-08-31,126.17
2018-09-03,114.07
2018-09-04,123.58
2018-09-05,132.76
2018-09-06,123.87
2018-09-07,115.03
2018-09-10,100.22
2018-09-11,100.49
2018-09-12,111.28
2018-09-13,107.59
2018-09-14,124.46
2018-09-17,117.03
2018-09-18,111.29
2018-09-19,115.49
2018-09-20,108.42
2018-09-21,127.31
2018-09-25,121.49
2018-09-26,113.79
2018-09-27,112.54
2018-09-28,102.12
2018-10-01,110.44
2018-10-02,91.76
2018-10-03,109.83
2018-10-04,86.58
2018-10-05,74.88
2018-10-08,74.78
2018-10-09,78.1
2018-10-11,72.24
2018-10-12,78.14
2018-10-15,75.61
2018-10-16,81.29
2018-10-17,99.55
2018-10-18,96.85
2018-10-19,94.34
2018-10-22,96.4
2018-10-23,86.55
2018-10-24,94.11
2018-10-25,82.12
2018-10-26,79.97
2018-10-29,82.63
2018-10-30,86.46
2018-10-31,96.92
2018-11-01,98.66
2018-11-02,106.55
2018-11-05,103.55
2018-11-06,103.92
2018-11-07,108.4
2018-11-08,106.78
2018-11-09,99.82
2018-11-12,104.67
2018-11-13,99.31
2018-11-14,109.05
2018-11-15,114.51
2018-11-16,110.88
2018-11-19,111.64
2018-11-20,103.94
2018-11-21,128.64
2018-11-22,120.07
2018-11-23,114.84
2018-11-26,128.2
2018-11-27,119.58
2018-11-28,123.07
2018-11-29,126.76
2018-11-30,120.25
2018-12-03,148.37
2018-12-04,128.98
2018-12-05,108.21
2018-12-06,90.85
2018-12-07,95.75
2018-12-10,98.03
2018-12-11,99.58
2018-12-12,118.14
2018-12-13,117.78
2018-12-14,108.89
2018-12-17,112.32
2018-12-18,101.08
2018-12-19,119.16
2018-12-20,107.1
2018-12-21,107.57
2018-12-22,105.02
2018-12-24,107.7
2018-12-25,94.74
2018-12-26,120.54
2018-12-27,128.01
2018-12-28,132.53
2019-01-02,107.87
2019-01-03,98.21
2019-01-04,92.14
2019-01-07,108.83
2019-01-08,108.17
2019-01-09,120.78
2019-01-10,119.56
2019-01-11,128.15
2019-01-14,119.84
2019-01-15,129.74
2019-01-16,137.03
2019-01-17,127.14
2019-01-18,132.6
2019-01-21,137.27
2019-01-22,133.67
2019-01-23,131.76
2019-01-24,129.17
2019-01-25,148.49
2019-01-28,151.76
2019-01-29,131.04
2019-01-30,139.41
2019-02-11,139.42
2019-02-12,144.62
2019-02-13,134.5
2019-02-14,131.11
2019-02-15,135.46
2019-02-18,144.78
2019-02-19,147.52
2019-02-20,147.74
2019-02-21,151.63
2019-02-22,143.13
2019-02-25,147.85
2019-02-26,147.38
2019-02-27,143.87
2019-03-04,124.34
2019-03-05,124.37
2019-03-06,144.79
2019-03-07,136.44
2019-03-08,127.11
2019-03-11,128.73
2019-03-12,143.04
2019-03-13,131.9
2019-03-14,132.94
2019-03-15,142.09
2019-03-18,139.43
2019-03-19,144.28
2019-03-20,143.29
2019-03-21,149.64
2019-03-22,138.71
2019-03-25,111.01
2019-03-26,122.67
2019-03-27,143.14
2019-03-28,131.35
2019-03-29,149.82
2019-04-01,153.78
2019-04-02,157.74
2019-04-03,176.86
2019-04-08,182.47
2019-04-09,192.32
2019-04-10,205.71
2019-04-11,178.98
2019-04-12,175.81
2019-04-15,180.09
2019-04-16,185.34
2019-04-17,157.78
2019-04-18,148.9
2019-04-19,136.86
2019-04-22,133.61
2019-04-23,141.55
2019-04-24,133.94
2019-04-25,139.49
2019-04-26,120.12
2019-04-29,128.29
2019-04-30,127.41
2019-05-02,145.51
2019-05-03,153.69
2019-05-06,120.46
2019-05-07,134.66
2019-05-08,141.51
2019-05-09,119.51
2019-05-10,121.07
2019-05-13,110.65
2019-05-14,110.11
2019-05-15,133.9
2019-05-16,126.18
2019-05-17,111.6
2019-05-20,113.16
2019-05-21,118.31
2019-05-22,115.77
2019-05-23,104.38
2019-05-24,109.89
2019-05-27,107.17
2019-05-28,106.55
2019-05-29,105.82
2019-05-30,109.41
2019-05-31,116.66
2019-06-03,115.22
2019-06-04,109.53
2019-06-05,108.1
2019-06-06,101.69
2019-06-10,110.32
2019-06-11,114.79
2019-06-12,116.27
2019-06-13,108.3
2019-06-14,106.34
2019-06-17,108.15
2019-06-18,111.01
2019-06-19,126.8
2019-06-20,116.56
2019-06-21,110.56
2019-06-24,113.54
2019-06-25,100.52
2019-06-26,95.78
2019-06-27,108.71
2019-06-28,99.68
2019-07-01,119.96
2019-07-02,119.37
2019-07-03,105.28
2019-07-04,113.86
2019-07-05,113.87
2019-07-08,109.74
2019-07-09,102.73
2019-07-10,115.29
2019-07-11,126.44
2019-07-12,122.94
2019-07-15,129.29
2019-07-16,134.81
2019-07-17,105.69
2019-07-18,99.94
2019-07-19,112.93
2019-07-22,125.18
2019-07-23,127.89
2019-07-24,116.36
2019-07-25,117.61
2019-07-26,116.69
2019-07-29,119.93
2019-07-30,113.89
2019-07-31,113.27
2019-08-01,108.87
2019-08-02,95.54
2019-08-05,91.8
2019-08-06,93.3
2019-08-07,102.69
2019-08-08,108.55
2019-08-12,111.76
2019-08-13,103.72
2019-08-14,111.97
2019-08-15,104.91
2019-08-16,111.62
2019-08-19,118.15
2019-08-20,119.11
2019-08-21,120.31
2019-08-22,115.05
2019-08-23,116.61
2019-08-26,98.28
2019-08-27,105.25
2019-08-28,118.75
2019-08-29,122.06
2019-08-30,129.2
2019-09-02,134.55
2019-09-03,127.4
2019-09-04,132.78
2019-09-05,137.93
2019-09-06,145.89
2019-09-09,142.5
2019-09-10,140.04
2019-09-11,151.2
2019-09-12,138.3
2019-09-16,146.84
2019-09-17,145.79
2019-09-18,139.49
2019-09-19,129.27
2019-09-20,136.94
2019-09-23,137.7
2019-09-24,138.7
2019-09-25,146.38
2019-09-26,136.78
2019-09-27,132.19
2019-10-01,155.32
2019-10-02,145.41
2019-10-03,131.59
2019-10-04,133.47
2019-10-07,141.52
2019-10-08,166.26
2019-10-09,144.63
2019-10-14,170.97
2019-10-15,183.61
2019-10-16,150.86
2019-10-17,155.64
2019-10-18,143.77
2019-10-21,144.7
2019-10-22,163.99
2019-10-23,155.79
2019-10-24,161.07
2019-10-25,161.76
2019-10-28,159.72
2019-10-29,156.52
2019-10-30,157.55
2019-10-31,147.22
2019-11-01,153.88
2019-11-04,181.53
2019-11-05,176.41
2019-11-06,174.47
2019-11-07,157.69
2019-11-08,147.67
2019-11-11,120.95
2019-11-12,134.03
2019-11-13,138.71
2019-11-14,137.77
2019-11-15,146.77
2019-11-18,155.11
2019-11-19,163.43
2019-11-20,133.72
2019-11-21,130.36
2019-11-22,129.4
2019-11-25,130.73
2019-11-26,140.85
2019-11-27,136.78
2019-11-28,128.67
2019-11-29,114.3
2019-12-02,115.24
2019-12-03,117.56
2019-12-04,124.89
2019-12-05,134.89
2019-12-06,136.47
2019-12-09,144.98
2019-12-10,133.38
2019-12-11,143.13
2019-12-12,166.26
2019-12-13,166.48
2019-12-16,165.68
2019-12-17,191.54
2019-12-18,134.28
2019-12-19,112.46
2019-12-20,106.42
2019-12-23,108.72
2019-12-24,105.19
2019-12-25,122.63
2019-12-26,123.62
2019-12-27,138.47
2019-12-30,129.88
2019-12-31,113.18
2020-01-02,127.11
2020-01-03,121.91
2020-01-06,99.09
2020-01-07,89.28
2020-01-08,105.88
2020-01-09,112.63
2020-01-10,121.25
2020-01-13,140.1
2020-01-14,151.26
2020-01-15,157.52
2020-01-16,152.05
2020-01-17,149.04
2020-01-20,151.09
2020-01-30,106.12
2020-01-31,109.66
2020-02-03,97.38
2020-02-04,118.12
2020-02-05,128.4
2020-02-06,143.37
2020-02-07,132.35
2020-02-10,129.73
2020-02-11,133.18
2020-02-12,154.87
2020-02-13,161.83
2020-02-14,156.08
2020-02-17,144.58
2020-02-18,124.7
2020-02-19,184.1
2020-02-20,163.11
2020-02-21,159.91
2020-02-24,137.89
2020-02-25,140.33
2020-02-26,172.19
2020-02-27,143.1
2020-03-02,128.56
2020-03-03,135.71
2020-03-04,173.5
2020-03-05,175.04
2020-03-06,149.07
2020-03-09,121.63
2020-03-10,124.33
2020-03-11,149.15
2020-03-12,120.4
2020-03-13,109.93
2020-03-16,104.65
2020-03-17,107.34
2020-03-18,206.72
2020-03-19,138.09
2020-03-20,153.07
2020-03-23,139.89
2020-03-24,164.88
2020-03-25,198.07
2020-03-26,182.99
2020-03-27,173.83
2020-03-30,165.9
2020-03-31,165.01
2020-04-01,180.53
2020-04-06,171.57
2020-04-07,173.2
2020-04-08,184.91
2020-04-09,177.12
2020-04-10,173.63
2020-04-13,166.97
2020-04-14,191.24
2020-04-15,207.67
2020-04-16,182.64
2020-04-17,180.06
2020-04-20,160.26
2020-04-21,136.66
2020-04-22,180.09
2020-04-23,168.17
2020-04-24,166.52
2020-04-27,187.93
2020-04-28,178.83
2020-04-29,186.37
2020-04-30,185.92
2020-05-04,153.78
2020-05-05,157.48
2020-05-06,170.27
2020-05-07,162.47
2020-05-08,161.82
2020-05-11,158.91
2020-05-12,146.66
2020-05-13,166.48
2020-05-14,146.96
2020-05-15,143.66
2020-05-18,137.55
2020-05-19,147.38
2020-05-20,216.45
2020-05-21,188.43
2020-05-22,154.03
2020-05-25,155.2
2020-05-26,177.59
2020-05-27,191.08
2020-05-28,166.6
2020-05-29,160.73
2020-06-01,175.36
2020-06-02,170.8
2020-06-03,192.67
2020-06-04,175.06
2020-06-05,173.34
2020-06-08,173.94
2020-06-09,169.74
2020-06-10,191.87
2020-06-11,164.18
2020-06-12,155.57
2020-06-15,146.92
2020-06-16,166.62
2020-06-17,105.19
2020-06-18,112.22
2020-06-19,116.34
2020-06-22,124.1
2020-06-23,119.05
2020-06-24,121.44
2020-06-29,104.73
2020-06-30,120.64
2020-07-01,121.3
2020-07-02,126.1
2020-07-03,132.57
2020-07-06,140.57
2020-07-07,139.95
2020-07-08,138.7
2020-07-09,135.92
2020-07-10,128.5
2020-07-13,146.02
2020-07-14,143.76
2020-07-15,126.72
2020-07-16,108.62
2020-07-17,110.89
2020-07-20,113.41
2020-07-21,148.09
2020-07-22,118.17
2020-07-23,109.63
2020-07-24,106.31
2020-07-27,145.18
2020-07-28,128.35
2020-07-29,127.96
2020-07-30,128.65
2020-07-31,125.83
2020-08-03,113.61
2020-08-04,126.45
2020-08-05,126.5
2020-08-06,130.44
2020-08-07,123.95
2020-08-10,130.81
2020-08-11,122.95
2020-08-12,121.36
2020-08-13,117.16
2020-08-14,122.23
2020-08-17,140.11
2020-08-18,134.52
2020-08-19,125.76
2020-08-20,90.08
2020-08-21,108.43
2020-08-24,115.59
2020-08-25,129.56
2020-08-26,139.5
2020-08-27,132.09
2020-08-28,118.69
2020-08-31,115.02
2020-09-01,124.41
2020-09-02,128.86
2020-09-03,122.58
2020-09-04,118.43
2020-09-07,121.02
2020-09-08,128.81
2020-09-09,119.77
2020-09-10,120.1
2020-09-11,116.05
2020-09-14,123.44
2020-09-15,133.07
2020-09-16,119.57
2020-09-17,108.12
2020-09-18,111.17
2020-09-21,101.92
2020-09-22,90.68
2020-09-23,97.97
2020-09-24,87.82
2020-09-25,95.6
2020-09-28,112.84
2020-09-29,115.59
2020-09-30,117.8
2020-10-05,114.99
2020-10-06,128.57
2020-10-07,123.17
2020-10-08,122.14
2020-10-12,121.69
2020-10-13,122.44
2020-10-14,120.69
2020-10-15,106.88
2020-10-16,106.15
2020-10-19,116.84
2020-10-20,116.2
2020-10-21,100.37
2020-10-22,97.51
2020-10-23,108.65
2020-10-26,114.36
2020-10-27,116.08
2020-10-28,102.59
2020-10-29,107.1
2020-10-30,97.34
2020-11-02,98.34
2020-11-03,111.9
2020-11-04,110.65
2020-11-05,112.67
2020-11-06,116.52
2020-11-09,126.1
2020-11-10,122.54
2020-11-11,129.71
2020-11-12,125.77
2020-11-13,124.27
2020-11-16,144.88
2020-11-17,142.73
2020-11-18,127.7
2020-11-19,119.4
2020-11-20,120.04
2020-11-23,138.27
2020-11-24,122.72
2020-11-25,106.61
2020-11-26,115.2
2020-11-27,121.89
2020-11-30,110.22
2020-12-01,118.26
2020-12-02,114.73
2020-12-03,113.58
2020-12-04,124.19
2020-12-07,124.0
2020-12-08,141.34
2020-12-09,124.82
2020-12-10,113.55
2020-12-11,111.9
2020-12-14,111.27
2020-12-15,99.31
2020-12-16,117.03
2020-12-17,102.69
2020-12-18,102.99
2020-12-21,123.66
2020-12-22,108.4
2020-12-23,102.81
2020-12-24,111.68
2020-12-25,115.39
2020-12-28,124.12
2020-12-29,130.1
2020-12-30,125.67
2020-12-31,125.27
2021-01-04,138.61
2021-01-05,146.86
2021-01-06,127.49
2021-01-07,153.77
2021-01-08,147.88
2021-01-11,144.57
2021-01-12,135.74
2021-01-13,144.45
2021-01-14,136.12
2021-01-15,136.06
2021-01-18,133.4
2021-01-19,150.92
2021-01-20,137.65
2021-01-21,151.97
2021-01-22,132.57
2021-01-25,121.74
2021-01-26,107.44
2021-01-27,133.97
2021-01-28,113.52
2021-01-29,107.32
2021-02-01,121.52
2021-02-02,155.75
2021-02-03,141.65
2021-02-04,135.87
2021-02-05,145.6
2021-02-17,159.11
2021-02-18,133.75
2021-02-19,123.18
2021-02-22,138.88
2021-02-23,140.38
2021-02-24,131.02
2021-02-25,135.18
2021-02-26,110.26
2021-03-02,107.09
2021-03-03,134.53
2021-03-04,123.84
2021-03-05,124.52
2021-03-08,117.32
2021-03-09,116.68
2021-03-10,117.06
2021-03-11,126.22
2021-03-12,118.54
2021-03-15,117.7
2021-03-16,124.22
2021-03-17,118.77
2021-03-18,118.51
2021-03-19,101.33
2021-03-22,112.86
2021-03-23,108.81
2021-03-24,119.33
2021-03-25,117.28
2021-03-26,128.13
2021-03-29,141.57
2021-03-30,142.39
2021-03-31,120.5
2021-04-01,127.04
2021-04-06,133.69
2021-04-07,130.1
2021-04-08,135.2
2021-04-09,128.43
2021-04-12,132.95
2021-04-13,137.09
2021-04-14,145.66
2021-04-15,152.41
2021-04-16,151.28
2021-04-19,166.03
2021-04-20,167.1
2021-04-21,156.81
2021-04-22,145.84
2021-04-23,153.54
2021-04-26,180.64
2021-04-27,168.91
2021-04-28,177.02
2021-04-29,162.7
2021-05-03,118.44
2021-05-04,101.43
2021-05-05,124.32
2021-05-06,121.83
2021-05-07,142.16
2021-05-10,133.69
2021-05-11,97.4
2021-05-12,108.18
2021-05-13,112.09
2021-05-14,114.7
2021-05-17,102.59
2021-05-18,128.63
2021-05-19,132.26
2021-05-20,113.54
2021-05-21,126.09
2021-05-24,132.17
2021-05-25,148.12
2021-05-26,159.66
2021-05-27,145.94
2021-05-28,165.17
2021-05-31,169.46
2021-06-01,164.89
2021-06-02,177.63
2021-06-03,167.29
2021-06-04,150.43
2021-06-07,141.82
2021-06-08,145.95
2021-06-09,153.35
2021-06-10,157.02
2021-06-11,164.38
2021-06-15,171.44
2021-06-16,123.34
2021-06-17,123.51
2021-06-18,119.26
2021-06-21,102.75
2021-06-22,105.94
2021-06-23,119.2
2021-06-24,139.97
2021-06-25,144.99
2021-06-28,143.23
2021-06-29,133.78
2021-06-30,121.62
2021-07-01,136.97
2021-07-02,137.69
2021-07-05,149.0
2021-07-06,130.96
2021-07-07,114.97
2021-07-08,114.31
2021-07-09,103.62
2021-07-12,111.89
2021-07-13,107.67
2021-07-14,117.63
2021-07-15,112.98
2021-07-16,90.78
2021-07-19,83.79
2021-07-20,82.52
2021-07-21,102.64
2021-07-22,149.13
2021-07-23,151.07
2021-07-26,137.84
2021-07-27,138.65
2021-07-28,88.78
2021-07-29,111.36
2021-07-30,104.67
2021-08-02,118.08
2021-08-03,119.85
2021-08-04,113.52
2021-08-05,125.41
2021-08-06,124.5
2021-08-09,120.23
2021-08-10,106.17
2021-08-11,103.49
2021-08-12,100.83
2021-08-13,91.92
2021-08-16,84.79
2021-08-17,79.16
2021-08-18,113.14
2021-08-19,80.64
2021-08-20,83.29
2021-08-23,116.28
2021-08-24,117.78
2021-08-25,115.5
2021-08-26,108.49
2021-08-27,123.13
2021-08-30,133.96
2021-08-31,138.82
2021-09-01,121.57
2021-09-02,112.85
2021-09-03,128.59
2021-09-06,128.94
2021-09-07,125.84
2021-09-08,117.75
2021-09-09,120.53
2021-09-10,137.8
2021-09-13,141.62
2021-09-14,137.16
2021-09-15,115.43
2021-09-16,103.71
2021-09-17,111.92
2021-09-22,106.4
2021-09-23,112.03
2021-09-24,111.4
2021-09-27,114.41
2021-09-28,103.54
2021-09-29,90.45
2021-09-30,100.79
2021-10-01,84.04
2021-10-04,84.98
2021-10-05,90.59
2021-10-06,98.14
2021-10-07,108.33
2021-10-08,109.5
2021-10-12,103.27
2021-10-13,101.39
2021-10-14,99.68
2021-10-15,113.27
2021-10-18,101.38
2021-10-19,109.35
2021-10-20,121.7
2021-10-21,108.82
2021-10-22,105.46
2021-10-25,106.55
2021-10-26,119.42
2021-10-27,108.3
2021-10-28,109.67
2021-10-29,106.06
2021-11-01,113.06
2021-11-02,110.08
2021-11-03,111.84
2021-11-04,103.67
2021-11-05,114.85
2021-11-08,126.21
2021-11-09,129.96
2021-11-10,126.77
2021-11-11,118.91
2021-11-12,120.93
2021-11-15,131.09
2021-11-16,138.35
2021-11-17,133.65
2021-11-18,139.28
2021-11-19,122.41
2021-11-22,120.3
2021-11-23,103.84
2021-11-24,123.7
2021-11-25,122.99
2021-11-26,99.8
2021-11-29,102.18
2021-11-30,106.21
2021-12-01,119.97
2021-12-02,127.61
2021-12-03,130.14
2021-12-06,122.86
2021-12-07,117.9
2021-12-08,126.65
2021-12-09,125.16
2021-12-10,120.12
2021-12-13,120.61
2021-12-14,107.87
2021-12-15,116.1
2021-12-16,115.47
2021-12-17,110.65
2021-12-20,93.77
2021-12-21,115.22
2021-12-22,112.03
2021-12-23,114.93
2021-12-24,119.36
2021-12-27,126.2
2021-12-28,135.52
2021-12-29,121.71
2021-12-30,117.42
2022-01-03,117.84
2022-01-04,133.72
2022-01-05,111.2
2022-01-06,103.68
2022-01-07,94.04
2022-01-10,99.97
2022-01-11,100.33
2022-01-12,107.44
2022-01-13,111.02
2022-01-14,98.16
2022-01-17,111.05
2022-01-18,107.4
2022-01-19,98.36
2022-01-20,109.5
2022-01-21,85.87
2022-01-24,92.81
2022-01-25,78.85
2022-01-26,105.66
2022-02-07,100.48
2022-02-08,111.07
2022-02-09,113.67
2022-02-10,129.41
2022-02-11,126.5
2022-02-14,101.86
2022-02-15,105.99
2022-02-16,125.61
2022-02-17,122.85
2022-02-18,128.18
2022-02-21,124.6
2022-02-22,107.03
2022-02-23,124.12
2022-02-24,103.29
2022-02-25,107.36
2022-03-01,124.71
2022-03-02,115.48
2022-03-03,125.77
2022-03-04,115.5
2022-03-07,89.17
2022-03-08,85.02
2022-03-09,101.64
2022-03-10,116.07
2022-03-11,102.54
2022-03-14,102.49
2022-03-15,93.65
2022-03-16,94.89
2022-03-17,118.65
2022-03-18,108.8
2022-03-21,113.92
2022-03-22,115.17
2022-03-23,106.25
2022-03-24,104.86
2022-03-25,101.44
2022-03-28,97.74
2022-03-29,103.4
2022-03-30,106.73
2022-03-31,104.35
2022-04-01,103.66
2022-04-06,105.27
2022-04-07,88.61
2022-04-08,92.15
2022-04-11,87.73
2022-04-12,92.05
2022-04-13,105.35
2022-04-14,102.96
2022-04-15,90.76
2022-04-18,88.25
2022-04-19,93.89
2022-04-20,91.38
2022-04-21,90.28
2022-04-22,95.07
2022-04-25,84.08
2022-04-26,84.05
2022-04-27,79.99
2022-04-28,95.57
2022-04-29,106.3
2022-05-03,101.18
2022-05-04,89.8
2022-05-05,88.48
2022-05-06,80.61
2022-05-09,76.32
2022-05-10,81.12
2022-05-11,83.17
2022-05-12,80.32
2022-05-13,88.14
2022-05-16,89.74
2022-05-17,96.15
2022-05-18,103.66
2022-05-19,88.47
2022-05-20,96.77
2022-05-23,97.45
2022-05-24,95.14
2022-05-25,100.8
2022-05-26,95.0
2022-05-27,108.1
2022-05-30,129.19
2022-05-31,135.23
2022-06-01,103.63
2022-06-02,99.94
2022-06-06,105.68
2022-06-07,99.09
2022-06-08,107.31
2022-06-09,104.9
2022-06-10,98.6
2022-06-13,87.18
2022-06-14,86.95
2022-06-15,84.63
2022-06-16,85.08
2022-06-17,79.95
2022-06-20,73.28
2022-06-21,89.13
2022-06-22,68.51
2022-06-23,69.31
2022-06-24,74.5
2022-06-27,89.96
2022-06-28,85.74
2022-06-29,69.78
2022-06-30,61.69
2022-07-01,54.98
2022-07-04,57.21
2022-07-05,59.89
2022-07-06,55.09
2022-07-07,69.41
2022-07-08,76.27
2022-07-11,76.56
2022-07-12,69.21
2022-07-13,69.82
2022-07-14,74.69
2022-07-15,78.46
2022-07-18,83.95
2022-07-19,85.8
2022-07-20,57.28
2022-07-21,80.81
2022-07-22,83.22
2022-07-25,90.63
2022-07-26,81.9
2022-07-27,75.21
2022-07-28,81.82
2022-07-29,89.29
2022-08-01,87.84
2022-08-02,81.15
2022-08-03,82.51
2022-08-04,85.05
2022-08-05,106.07
2022-08-08,103.06
2022-08-09,106.33
2022-08-10,90.35
2022-08-11,104.24
2022-08-12,109.1
2022-08-15,113.83
2022-08-16,116.69
2022-08-17,83.46
2022-08-18,88.23
2022-08-19,98.93
2022-08-22,89.33
2022-08-23,78.61
2022-08-24,79.3
2022-08-25,93.54
2022-08-26,102.5
2022-08-29,76.15
2022-08-30,90.46
2022-08-31,92.08
2022-09-01,77.35
2022-09-02,74.03
2022-09-05,80.3
2022-09-06,81.95
2022-09-07,77.68
2022-09-08,87.72
2022-09-12,106.7
2022-09-13,113.28
2022-09-14,89.86
2022-09-15,91.1
2022-09-16,85.17
2022-09-19,82.87
2022-09-20,87.76
2022-09-21,76.45
2022-09-22,79.8
2022-09-23,74.81
2022-09-26,62.41
2022-09-27,67.63
2022-09-28,60.48
2022-09-29,66.02
2022-09-30,63.4
2022-10-03,65.79
2022-10-04,79.02
2022-10-05,74.61
2022-10-06,80.01
2022-10-07,74.16
2022-10-11,58.74
2022-10-12,67.92
2022-10-13,65.53
2022-10-14,80.0
2022-10-17,69.91
2022-10-18,76.72
2022-10-19,59.43
2022-10-20,60.89
2022-10-21,65.82
2022-10-24,70.49
2022-10-25,64.51
2022-10-26,65.41
2022-10-27,79.24
2022-10-28,71.77
2022-10-31,77.94
2022-11-01,87.15
2022-11-02,75.41
2022-11-03,73.79
2022-11-04,76.22
2022-11-07,91.16
2022-11-08,101.67
2022-11-09,96.92
2022-11-10,88.51
2022-11-11,118.41
2022-11-14,116.22
2022-11-15,134.25
2022-11-16,91.58
2022-11-17,89.15
2022-11-18,91.29
2022-11-21,87.02
2022-11-22,90.75
2022-11-23,86.79
2022-11-24,106.53
2022-11-25,99.89
2022-11-28,88.13
2022-11-29,102.4
2022-11-30,104.03
2022-12-01,105.51
2022-12-02,98.96
2022-12-05,100.19
2022-12-06,88.22
2022-12-07,95.14
2022-12-08,86.86
2022-12-09,95.7
2022-12-12,89.7
2022-12-13,85.04
2022-12-14,95.75
2022-12-15,93.53
2022-12-16,88.62
2022-12-19,85.45
2022-12-20,74.54
2022-12-21,92.76
2022-12-22,103.35
2022-12-23,89.24
2022-12-26,94.5
2022-12-27,102.09
2022-12-28,86.37
2022-12-29,90.58
2022-12-30,99.78
2023-01-03,107.15
2023-01-04,92.98
2023-01-05,93.82
2023-01-06,108.62
2023-01-09,142.81
2023-01-10,132.58
2023-01-11,108.16
2023-01-12,100.66
2023-01-13,100.31
2023-01-16,105.3
2023-01-17,104.61
2023-01-30,102.28
2023-01-31,81.2
2023-02-01,88.32
2023-02-02,111.31
2023-02-03,110.28
2023-02-06,104.73
2023-02-07,105.73
2023-02-08,122.51
2023-02-09,120.81
2023-02-10,116.79
2023-02-13,108.49
2023-02-14,114.53
2023-02-15,100.71
2023-02-16,116.73
2023-02-17,105.95
2023-02-20,112.54
2023-02-21,111.65
2023-02-22,106.04
2023-02-23,129.39
2023-02-24,121.9
2023-03-01,122.09
2023-03-02,119.43
2023-03-03,121.24
2023-03-06,131.29
2023-03-07,138.72
2023-03-08,112.59
2023-03-09,108.94
2023-03-10,88.35
2023-03-13,92.56
2023-03-14,89.11
2023-03-15,97.19
2023-03-16,95.36
2023-03-17,114.06
2023-03-20,112.34
2023-03-21,120.5
2023-03-22,121.73
2023-03-23,138.51
2023-03-24,138.51
2023-03-27,122.85
2023-03-28,110.95
2023-03-29,112.38
2023-03-30,122.08
2023-03-31,126.7
2023-04-06,114.64
2023-04-07,119.69
2023-04-10,119.0
2023-04-11,129.69
2023-04-12,119.25
2023-04-13,106.28
2023-04-14,119.16
2023-04-17,114.34
2023-04-18,111.02
2023-04-19,94.89
2023-04-20,91.04
2023-04-21,85.7
2023-04-24,90.17
2023-04-25,74.51
2023-04-26,86.71
2023-04-27,96.07
2023-04-28,110.3
2023-05-02,120.49
2023-05-03,99.56
2023-05-04,110.16
2023-05-05,112.64
2023-05-08,115.28
2023-05-09,115.48
2023-05-10,96.56
2023-05-11,99.65
2023-05-12,95.7
2023-05-15,94.82
2023-05-16,118.2
2023-05-17,121.31
2023-05-18,128.3
2023-05-19,118.62
2023-05-22,113.46
2023-05-23,112.57
2023-05-24,103.53
2023-05-25,109.85
2023-05-26,120.29
2023-05-29,111.33
2023-05-30,109.72
2023-05-31,101.77
2023-06-01,101.66
2023-06-02,114.49
2023-06-05,106.09
2023-06-06,109.9
2023-06-07,101.38
2023-06-08,91.42
2023-06-09,103.55
2023-06-12,112.87
2023-06-13,130.08
2023-06-14,112.08
2023-06-15,110.25
2023-06-16,108.38
2023-06-19,111.42
2023-06-20,105.33
2023-06-21,90.34
2023-06-26,93.58
2023-06-27,85.75
2023-06-28,99.61
2023-06-29,103.39
2023-06-30,104.55
2023-07-03,124.57
2023-07-04,128.34
2023-07-05,108.46
2023-07-06,90.4
2023-07-07,93.38
2023-07-10,97.52
2023-07-11,128.03
2023-07-12,103.09
2023-07-13,118.07
2023-07-14,125.4
2023-07-17,121.43
2023-07-18,112.89
2023-07-19,85.68
2023-07-20,96.9
2023-07-21,87.27
2023-07-24,88.59
2023-07-25,112.13
2023-07-26,92.08
2023-07-27,107.6
2023-07-28,108.91
2023-07-31,94.37
2023-08-01,101.83
2023-08-02,80.42
2023-08-04,84.53
2023-08-07,104.32
2023-08-08,94.54
2023-08-09,82.15
2023-08-10,74.79
2023-08-11,79.65
2023-08-14,67.76
2023-08-15,72.64
2023-08-16,74.07
2023-08-17,91.3
2023-08-18,93.15
2023-08-21,91.79
2023-08-22,96.3
2023-08-23,103.81
2023-08-24,115.47
2023-08-25,88.35
2023-08-28,92.58
2023-08-29,96.82
2023-08-30,99.92
2023-08-31,95.12
2023-09-01,101.86
2023-09-04,109.06
2023-09-05,107.89
2023-09-06,100.41
2023-09-07,97.32
2023-09-08,101.58
2023-09-11,89.83
2023-09-12,100.69
2023-09-13,100.21
2023-09-14,118.04
2023-09-15,118.02
2023-09-18,99.82
2023-09-19,91.32
2023-09-20,81.09
2023-09-21,74.96
2023-09-22,82.75
2023-09-25,99.94
2023-09-26,86.86
2023-09-27,81.68
2023-09-28,86.8
2023-10-02,112.92
2023-10-03,98.18
2023-10-04,75.72
2023-10-05,93.08
2023-10-06,97.37
2023-10-11,93.08
2023-10-12,106.62
2023-10-13,93.01
2023-10-16,86.63
2023-10-17,88.51
2023-10-18,92.91
2023-10-19,93.27
2023-10-20,100.67
2023-10-23,94.59
2023-10-24,98.96
2023-10-25,103.89
2023-10-26,90.32
2023-10-27,102.99
2023-10-30,96.68
2023-10-31,83.59
2023-11-01,91.15
2023-11-02,109.63
2023-11-03,115.19
2023-11-06,134.04
2023-11-07,130.93
2023-11-08,118.92
2023-11-09,115.1
2023-11-10,113.43
2023-11-13,113.12
2023-11-14,119.09
2023-11-15,109.06
2023-11-16,105.77
2023-11-17,118.45
2023-11-20,110.64
2023-11-21,128.43
2023-11-22,105.01
2023-11-23,104.66
2023-11-24,105.71
2023-11-27,96.45
2023-11-28,115.0
2023-11-29,104.64
2023-11-30,115.06
2023-12-01,117.57
2023-12-04,115.8
2023-12-05,104.61
2023-12-06,104.62
2023-12-07,102.38
2023-12-08,113.67
2023-12-11,114.74
2023-12-12,112.01
2023-12-13,107.45
2023-12-14,122.45
2023-12-15,125.83
2023-12-18,124.29
2023-12-19,112.12
2023-12-20,105.53
2023-12-21,105.21
2023-12-22,109.47
2023-12-25,120.52
2023-12-26,134.95
2023-12-27,120.97
2023-12-28,117.74
2023-12-29,118.6
2024-01-02,106.97
2024-01-03,99.52
2024-01-04,94.01
2024-01-05,87.42
2024-01-08,94.96
2024-01-09,91.77
2024-01-10,98.47
2024-01-11,101.28
2024-01-12,97.38
2024-01-15,97.28
2024-01-16,88.33
2024-01-17,101.8
2024-01-18,108.14
2024-01-19,140.52
2024-01-22,131.73
2024-01-23,138.88
2024-01-24,124.54
2024-01-25,136.69
2024-01-26,139.63
2024-01-29,131.35
2024-01-30,125.96
2024-01-31,105.75
2024-02-01,111.61
2024-02-02,119.76
2024-02-05,118.94
2024-02-15,150.3
2024-02-16,143.68
2024-02-19,137.47
2024-02-20,141.91
2024-02-21,106.7
2024-02-22,112.05
2024-02-23,116.82
2024-02-26,122.2
2024-02-27,117.68
2024-02-29,127.09
2024-03-01,127.77
2024-03-04,145.85
2024-03-05,141.05
2024-03-06,141.77
2024-03-07,147.02
2024-03-08,134.56
2024-03-11,132.34
2024-03-12,135.46
2024-03-13,139.45
2024-03-14,132.36
2024-03-15,121.9
2024-03-18,127.92
2024-03-19,130.49
2024-03-20,125.59
2024-03-21,156.38
2024-03-22,133.27
2024-03-25,135.5
2024-03-26,115.64
2024-03-27,131.36
2024-03-28,119.0
2024-03-29,128.49
2024-04-01,120.06
2024-04-02,138.25
2024-04-03,125.86
2024-04-08,129.3
2024-04-09,158.75
2024-04-10,136.96
2024-04-11,126.48
2024-04-12,127.05
2024-04-15,105.16
2024-04-16,79.65
2024-04-17,121.66
2024-04-18,123.6
2024-04-19,85.51
2024-04-22,84.69
2024-04-23,94.16
2024-04-24,154.97
2024-04-25,119.61
2024-04-26,135.32
2024-04-29,150.45
2024-04-30,141.42
2024-05-02,129.09
2024-05-03,127.18
2024-05-06,135.49
2024-05-07,130.11
2024-05-08,145.74
2024-05-09,137.77
2024-05-10,143.78
2024-05-13,135.35
2024-05-14,149.44
2024-05-15,145.31
2024-05-16,126.05
2024-05-17,125.69
2024-05-20,113.94
2024-05-21,110.39
2024-05-22,141.07
2024-05-23,126.79
2024-05-24,129.63
2024-05-27,152.2
2024-05-28,160.02
2024-05-29,135.16
2024-05-30,109.93
2024-05-31,109.39
2024-06-03,132.73
2024-06-04,106.91
2024-06-05,144.32
2024-06-06,161.38
2024-06-07,149.8
2024-06-11,143.15
2024-06-12,169.19
2024-06-13,157.74
2024-06-14,168.88
2024-06-17,164.12
2024-06-18,175.57
2024-06-19,165.82
2024-06-20,133.24
2024-06-21,115.9
2024-06-24,88.95
2024-06-25,89.18
2024-06-26,100.14
2024-06-27,99.66
2024-06-28,108.45
2024-07-01,107.45
2024-07-02,102.92
2024-07-03,100.31
2024-07-04,112.34
2024-07-05,107.19
2024-07-08,122.12
2024-07-09,109.03
2024-07-10,108.18
2024-07-11,121.03
2024-07-12,100.26
2024-07-15,99.17
2024-07-16,106.25
2024-07-17,126.47
2024-07-18,104.27
2024-07-19,94.7
2024-07-22,72.62
2024-07-23,90.45
2024-07-26,92.89
2024-07-29,93.19
2024-07-30,88.33
2024-07-31,96.95
2024-08-01,101.34
2024-08-02,72.95
2024-08-05,58.7
2024-08-06,70.26
2024-08-07,88.1
2024-08-08,79.68
2024-08-09,92.48
2024-08-12,101.9
2024-08-13,108.78
2024-08-14,98.83
2024-08-15,104.49
2024-08-16,117.77
2024-08-19,120.25
2024-08-20,114.6
2024-08-21,117.46
2024-08-22,106.42
2024-08-23,101.13
2024-08-26,104.25
2024-08-27,102.7
2024-08-28,111.14
2024-08-29,91.43
2024-08-30,97.96
2024-09-02,90.29
2024-09-03,86.93
2024-09-04,90.96
2024-09-05,96.04
2024-09-06,105.88
2024-09-09,97.11
2024-09-10,96.84
2024-09-11,106.77
2024-09-12,116.86
2024-09-13,113.66
2024-09-16,110.61
2024-09-18,99.09
2024-09-19,123.84
2024-09-20,124.43
2024-09-23,119.21
2024-09-24,131.46
2024-09-25,121.62
2024-09-26,108.66
2024-09-27,98.84
2024-09-30,78.13
2024-10-01,79.25
2024-10-04,104.34
2024-10-07,111.8
2024-10-08,101.98
2024-10-09,112.0
2024-10-11,117.3
2024-10-14,120.36
2024-10-15,134.57
2024-10-16,92.25
2024-10-17,91.28
2024-10-18,96.55
2024-10-21,88.08
2024-10-22,83.84
2024-10-23,77.28
2024-10-24,69.37
2024-10-25,78.19
2024-10-28,72.03
2024-10-29,65.26
2024-10-30,73.77
2024-11-01,74.5
2024-11-04,88.96
2024-11-05,93.68
2024-11-06,96.31
2024-11-07,110.41
2024-11-08,116.83
2024-11-11,97.59
2024-11-12,83.1
2024-11-13,83.41
2024-11-14,78.39
2024-11-15,86.32
2024-11-18,84.71
2024-11-19,102.95
2024-11-20,94.28
2024-11-21,85.47
2024-11-22,108.67
2024-11-25,101.74
2024-11-26,85.37
2024-11-27,76.99
2024-11-28,76.82
2024-11-29,77.97
2024-12-02,106.64
2024-12-03,113.75
2024-12-04,93.24
2024-12-05,101.88
2024-12-06,100.24
2024-12-09,99.86
2024-12-10,90.18
2024-12-11,93.14
2024-12-12,97.41
2024-12-13,91.31
2024-12-16,86.82
2024-12-17,93.83
2024-12-18,78.06
2024-12-19,80.86
2024-12-20,75.32
2024-12-23,111.13
2024-12-24,98.84
2024-12-25,95.84
2024-12-26,91.44
2024-12-27,102.17
2024-12-30,93.32
2024-12-31,85.85
2025-01-02,81.72
2025-01-03,86.66
2025-01-06,113.16
2025-01-07,108.76
2025-01-08,90.9
2025-01-09,79.54
2025-01-10,78.06
2025-01-13,68.72
2025-01-14,74.35
2025-01-15,85.18
2025-01-16,97.06
2025-01-17,96.1
2025-01-20,102.89
2025-01-21,102.44
2025-01-22,103.41
2025-02-03,95.25
2025-02-04,85.92
2025-02-05,106.36
2025-02-06,107.66
2025-02-07,114.77
2025-02-10,101.17
2025-02-11,102.84
2025-02-12,101.45
2025-02-13,106.34
2025-02-14,92.12
2025-02-17,105.51
2025-02-18,117.47
2025-02-19,110.97
2025-02-20,107.55
2025-02-21,113.42
2025-02-24,102.59
2025-02-25,86.77
2025-02-26,96.17
2025-02-27,83.58
2025-03-03,74.06
2025-03-04,85.3
2025-03-05,96.9
2025-03-06,89.42
2025-03-07,84.87
2025-03-10,81.61
2025-03-11,78.57
2025-03-12,92.25
2025-03-13,82.87
2025-03-14,82.79
2025-03-17,88.11
2025-03-18,95.54
2025-03-19,76.99
2025-03-20,96.45
2025-03-21,85.78
2025-03-24,78.37
2025-03-25,87.77
2025-03-26,89.13
2025-03-27,81.1
2025-03-28,72.44
2025-03-31,65.65
2025-04-01,80.29
2025-04-02,75.9
2025-04-07,66.8
2025-04-08,56.47
2025-04-09,54.54
2025-04-10,64.48
2025-04-11,74.0
2025-04-14,83.99
2025-04-15,93.17
2025-04-16,74.51
2025-04-17,71.83
2025-04-18,71.91
2025-04-21,68.38
2025-04-22,66.73
2025-04-23,65.04
2025-04-24,61.59
2025-04-25,77.99
2025-04-28,81.1
2025-04-29,87.54
2025-04-30,77.42
2025-05-02,99.38
2025-05-05,85.75
2025-05-06,90.3
2025-05-07,78.37
2025-05-08,84.08
2025-05-09,90.97
2025-05-12,102.1
2025-05-13,113.84
2025-05-14,117.98
2025-05-15,116.85
2025-05-16,121.83
2025-05-19,107.76
2025-05-20,106.59
2025-05-21,114.28
2025-05-22,100.04
2025-05-23,98.0
2025-05-26,92.85
2025-05-27,82.38
2025-05-28,95.96
2025-05-29,91.67
2025-06-02,76.68
2025-06-03,85.76
2025-06-04,108.0
2025-06-05,104.6
2025-06-06,101.85
2025-06-09,105.62
2025-06-10,133.72
2025-06-11,119.07
2025-06-12,103.51
2025-06-13,95.44
2025-06-16,94.45
2025-06-17,100.87
2025-06-18,105.65
2025-06-19,90.33
2025-06-20,88.62
2025-06-23,84.32
2025-06-24,112.48
2025-06-25,103.56
2025-06-26,99.41
2025-06-27,96.53
2025-06-30,98.92
2025-07-01,107.62
2025-07-02,114.18
2025-07-03,128.97
2025-07-04,116.24
2025-07-07,100.73
2025-07-08,97.69
2025-07-09,127.42
2025-07-10,131.57
2025-07-11,131.7
2025-07-14,114.13
2025-07-15,130.78
2025-07-16,98.92
2025-07-17,101.34
2025-07-18,97.62
2025-07-21,90.95
2025-07-22,75.79
2025-07-23,101.35
2025-07-24,99.81
2025-07-25,90.98
2025-07-28,97.2
2025-07-29,88.35
2025-07-30,105.34
2025-07-31,108.89
2025-08-01,95.32
2025-08-04,94.49
2025-08-05,116.64
2025-08-06,106.78
2025-08-07,131.48
2025-08-08,115.34
2025-08-11,118.02
2025-08-12,118.42
2025-08-13,116.35
2025-08-14,109.46
2025-08-15,122.48
2025-08-18,138.56
2025-08-19,127.7
2025-08-20,95.98
2025-08-21,116.98
2025-08-22,121.54
2025-08-25,150.71
2025-08-26,135.75
2025-08-27,137.04
2025-08-28,111.08
2025-08-29,132.02
2025-09-01,103.3
2025-09-02,105.82
2025-09-03,124.44
2025-09-04,138.23
2025-09-05,147.8
2025-09-08,163.05
2025-09-09,177.85
2025-09-10,167.18
2025-09-11,135.94
2025-09-12,153.67
2025-09-15,140.5
2025-09-16,163.97
2025-09-17,131.41
2025-09-18,146.98
2025-09-19,125.01
2025-09-22,144.59
2025-09-23,165.02
2025-09-24,137.12
2025-09-25,122.02
2025-09-26,103.73
2025-09-30,133.67
2025-10-01,139.96
2025-10-02,144.71
2025-10-03,146.0
2025-10-07,160.75
2025-10-08,139.9
2025-10-09,139.67
2025-10-13,116.95
2025-10-14,108.48
2025-10-15,127.43
2025-10-16,119.05
2025-10-17,104.89
2025-10-20,132.47
2025-10-21,137.77
2025-10-22,124.12
2025-10-23,108.12
2025-10-27,119.64
2025-10-28,103.68
2025-10-29,108.62
2025-10-30,96.3
2025-10-31,112.61
2025-11-03,106.93
2025-11-04,100.13
2025-11-05,96.56
2025-11-06,115.45
2025-11-07,97.01
2025-11-10,108.55
2025-11-11,103.98
2025-11-12,117.5
2025-11-13,115.6
2025-11-14,103.66
2025-11-17,112.66
2025-11-18,89.11
2025-11-19,103.3
2025-11-20,133.06
2025-11-21,93.25
2025-11-24,91.15
2025-11-25,108.43
2025-11-26,141.68
2025-11-27,153.34
2025-11-28,154.35
2025-12-01,122.02
2025-12-02,125.43
2025-12-03,134.3
2025-12-04,130.4
2025-12-05,134.95
2025-12-08,147.18
2025-12-09,127.85
2025-12-10,142.73
2025-12-11,106.39
2025-12-12,144.45
2025-12-15,105.86
2025-12-16,93.84
2025-12-17,107.75
2025-12-18,80.95
2025-12-19,109.97
2025-12-22,133.96
2025-12-23,130.77
2025-12-24,123.37
2025-12-26,123.78
2025-12-29,156.44
2025-12-30,132.4
2025-12-31,144.02
2026-01-02,137.6
2026-01-05,162.4
2026-01-06,155.09
2026-01-07,147.53
2026-01-08,126.35
2026-01-09,127.17
2026-01-12,128.66
2026-01-13,123.66
2026-01-14,151.47
2026-01-15,119.03
2026-01-16,157.84
2026-01-19,150.16
2026-01-20,148.46
2026-01-21,154.59
2026-01-22,140.89
2026-01-23,185.65
2026-01-26,171.78
2026-01-27,168.65
2026-01-28,191.87
2026-01-29,134.57
2026-01-30,157.04
2026-02-02,109.2
2026-02-03,131.55
2026-02-04,177.55
2026-02-05,128.92
2026-02-06,158.39
2026-02-09,149.5
2026-02-10,170.78
2026-02-11,212.79
2026-02-23,150.22
2026-02-24,176.41
2026-02-25,182.17
2026-02-26,153.95
2026-03-02,145.98
2026-03-03,111.43
2026-03-04,133.33
2026-03-05,128.98
2026-03-06,152.18
2026-03-09,101.18
2026-03-10,112.73
2026-03-11,163.58
2026-03-12,144.16
2026-03-13,158.91
2026-03-16,140.17
2026-03-17,148.39
2026-03-18,155.06
2026-03-19,109.58
2026-03-20,145.58
2026-03-23,110.09
2026-03-24,111.3
2026-03-25,141.19
2026-03-26,128.6
2026-03-27,131.17
2026-03-30,122.29
2026-03-31,106.59
2026-04-01,142.46
2026-04-02,140.76
2026-04-07,139.18
2026-04-08,123.63
2026-04-09,109.19
2026-04-10,141.14
2026-04-13,140.89
2026-04-14,165.4
2026-04-15,149.68
2026-04-16,135.39
2026-04-17,131.72
2026-04-20,106.93
2026-04-21,119.15
2026-04-22,139.67
2026-04-23,111.11
2026-04-24,175.8
2026-04-27,136.86
2026-04-28,120.5
2026-04-29,171.12
2026-04-30,158.96
2026-05-04,169.91
2026-05-05,154.64
2026-05-06,177.59
2026-05-07,174.13
2026-05-08,181.36
2026-05-11,162.33
2026-05-12,161.65
2026-05-13,169.31
2026-05-14,162.46
2026-05-15,162.43
2026-05-18,140.86
2026-05-19,122.41
2026-05-20,130.94
2026-05-21,140.2
2026-05-22,156.25
2026-05-25,148.71
2026-05-26,125.76
2026-05-27,184.57
2026-05-28,127.81
2026-05-29,222.36
2026-06-01,171.12
2026-06-02,142.84
2026-06-03,217.69
2026-06-04,140.41
2026-06-05,189.66
2026-06-08,126.75
2026-06-09,133.64
2026-06-10,166.01
2026-06-11,133.33
2026-06-12,168.35
2026-06-15,172.0
2026-06-16,164.48
2026-06-17,133.15
2026-06-18,114.67
2026-06-22,147.65
2026-06-23,98.99
2026-06-24,134.59
2026-06-25,114.57
2026-06-26,128.74
